college_id,Financial Times,CUWR,QS World,US NEWS Global,THE,International Business
1585,0,0,0,0,0,0
1841,0,82,51,94,84,26
2226,0,1069,701,1131,601,176
1727,0,1615,0,0,0,0
921,0,16,21,17,9,16
2850,0,0,0,0,0,0
1178,0,73,169,130,126,96
2839,0,0,0,0,0,0
2846,0,0,0,0,0,0
1450,0,0,0,0,0,0
1008,0,105,320,127,51,45
1287,0,17,29,24,23,13
2853,93,0,0,0,0,0
886,0,0,0,0,0,0
920,0,0,0,0,0,0
1205,0,270,499,277,251,401
1580,0,26,65,41,15,47
1882,0,308,411,297,251,176
2187,0,55,109,114,94,0
1695,0,50,258,113,0,0
906,0,173,541,231,201,251
1090,0,1,3,1,4,5
1977,0,526,801,614,401,601
883,0,0,0,0,0,0
1619,0,0,0,0,0,0
1020,0,319,362,177,201,126
1699,0,10,17,11,10,8
1078,0,290,346,277,301,301
2815,0,0,0,0,0,0
902,0,0,0,0,0,0
904,0,0,0,0,0,0
1019,0,91,110,57,90,34
2071,0,0,0,0,0,0
1771,0,1607,0,0,0,0
2149,0,1429,0,1329,601,0
1184,0,207,483,374,201,401
937,87,201,501,310,126,201
1167,0,124,162,142,401,176
1921,0,1078,0,679,601,501
2817,0,0,0,0,0,0
2086,0,272,501,332,301,401
1238,0,711,0,658,0,0
1464,0,1707,0,1494,0,0
1747,0,0,0,0,0,0
1552,0,51,121,70,43,42
2074,0,3,2,3,3,1
928,0,566,0,471,601,301
982,0,12,30,4,5,9
1805,0,468,701,461,301,251
1917,0,242,449,158,301,501
1777,0,161,211,238,101,101
1388,0,0,0,0,0,0
1129,0,9,9,15,11,6
1068,0,0,0,0,0,0
1067,0,0,0,0,0,0
949,0,545,801,668,501,401
2000,0,1212,0,0,601,601
2110,0,183,220,146,66,49
2834,0,0,0,0,0,0
942,0,74,80,66,101,92
1262,0,150,157,100,67,50
2103,0,274,456,195,151,301
1359,0,1196,0,1003,0,0
1749,0,303,541,336,301,401
2170,0,978,651,699,301,401
1109,0,0,0,0,0,0
1085,0,0,0,0,0,0
1306,0,855,0,722,301,0
1590,0,0,0,0,0,0
1339,0,85,162,107,126,84
1051,0,0,0,0,0,0
1857,0,861,0,949,401,501
1483,0,743,801,683,501,601
1904,0,0,0,0,0,0
2127,0,89,273,97,96,101
998,0,0,0,0,0,0
2159,0,186,446,244,501,0
1060,0,1140,0,1083,0,0
2081,0,491,751,478,501,401
1177,0,76,152,60,58,79
1813,0,11,4,7,7,0
1875,0,60,60,101,64,0
2225,0,1110,581,0,126,0
943,0,121,158,71,126,176
1513,0,633,801,726,0,0
1621,0,466,751,419,401,401
2205,89,557,651,564,301,401
1638,0,565,0,505,401,501
1357,0,475,0,529,401,0
1312,0,252,0,280,301,401
1130,0,548,426,736,301,0
2096,0,23,72,0,31,38
1592,0,437,701,414,501,501
970,0,293,701,425,401,401
1903,73,392,531,269,251,176
1631,0,785,0,1140,601,501
1714,0,197,341,261,0,0
1711,0,6,19,6,17,18
1293,0,452,801,453,176,301
1452,0,13,18,22,20,23
1978,0,1889,801,0,0,0
1516,0,848,0,750,601,0
2162,68,302,353,258,101,101
1235,0,781,0,703,0,0
1391,0,36,203,226,101,48
2163,0,214,230,322,77,151
944,0,511,751,483,251,151
1259,0,20,42,23,17,10
895,0,300,601,256,251,601
2139,0,54,101,75,44,60
2141,0,22,82,60,47,92
1976,0,34,54,21,38,27
1889,0,190,295,226,301,251
1873,0,7,12,11,7,0
1669,0,503,0,616,0,0
1521,0,180,383,284,401,501
973,0,0,0,0,0,0
1987,0,1120,0,1089,0,0
1115,0,789,0,792,0,0
2005,0,1156,0,0,0,0
993,0,479,551,850,501,301
1419,0,1112,701,1271,501,401
1081,0,446,601,499,0,0
1118,0,64,217,109,126,75
1223,0,1130,0,1304,0,0
2066,0,46,105,33,89,88
1966,0,109,333,142,251,201
2129,0,1466,751,0,401,0
2219,0,222,380,419,401,301
1905,0,247,651,402,0,0
1449,0,80,210,78,101,201
1687,0,52,187,72,126,251
1544,0,605,801,706,0,0
1440,0,1144,0,892,601,0
1842,0,72,156,43,176,251
1656,0,721,0,607,501,0
1491,0,249,432,217,301,251
1823,0,352,701,312,176,151
1021,0,0,0,0,0,0
1429,0,250,701,399,401,501
1183,0,327,571,325,301,251
1470,0,680,0,660,0,0
1674,0,741,0,850,501,0
1810,0,443,801,355,0,0
1286,0,345,601,232,201,301
1765,0,385,651,414,0,0
1089,0,0,0,0,0,0
967,0,692,701,693,401,0
1241,0,776,651,787,301,301
1448,0,143,420,160,301,251
1240,0,422,398,363,251,501
1639,0,441,0,572,0,0
2008,0,246,416,81,151,0
1986,0,37,0,15,0,0
1530,0,296,601,358,301,301
1703,0,425,414,440,401,401
1292,0,679,0,736,251,0
1858,0,257,0,148,251,0
1215,0,299,701,507,0,0
2092,0,1257,0,0,0,0
1320,0,1420,0,1262,0,0
2186,0,0,0,0,0,0
1187,0,58,108,45,46,56
956,0,0,0,0,0,0
958,0,15,25,10,32,69
1546,0,1363,0,1421,601,601
1168,0,1505,0,1344,0,0
2222,0,0,0,0,0,0
959,0,279,0,271,0,0
1518,0,811,0,814,501,251
1551,0,18,36,13,12,19
3583,0,0,0,840,0,0
1096,0,837,0,971,501,0
1468,0,1354,0,1232,601,601
1943,0,423,0,706,0,0
1822,0,8,16,14,13,11
1999,0,1182,0,925,0,0
1444,0,0,0,0,0,0
1572,0,1121,0,1101,0,0
1378,0,834,0,1101,601,601
1048,0,1205,0,1333,501,601
887,0,874,0,877,0,0
1371,0,1035,0,1038,501,501
1337,0,1279,0,868,0,0
1969,0,653,0,504,501,601
1794,0,982,0,908,601,0
1421,0,486,333,378,151,301
1302,0,542,0,774,301,401
1222,0,56,112,66,151,45
1047,0,1922,0,0,0,0
1006,0,273,326,247,301,201
1425,0,896,601,756,0,0
1443,0,387,751,465,0,0
1151,0,230,601,202,251,401
1612,0,954,0,525,801,0
2157,0,489,801,365,601,401
1043,0,69,230,59,126,201
1001,0,630,801,877,301,501
2105,0,291,581,312,251,201
1763,0,1419,0,1396,0,0
2154,0,1004,0,1070,0,0
1127,0,640,801,817,0,0
1166,0,553,801,679,301,401
1485,0,800,0,787,501,501
1651,0,748,0,746,601,0
907,0,156,270,142,151,101
2003,0,97,152,56,79,0
1108,0,40,95,36,24,73
1131,0,210,256,212,151,201
1015,0,1050,0,1056,501,501
2124,0,530,470,577,501,401
1428,0,139,89,128,151,126
2091,0,471,601,370,95,201
1611,0,122,260,182,301,0
1300,0,917,0,1101,0,0
1880,0,574,0,748,0,0
1247,0,292,477,327,501,501
1200,0,215,291,236,301,201
1553,0,1290,0,1163,0,0
1922,0,75,166,140,201,151
1430,0,126,0,132,0,0
1637,0,1148,0,1221,601,601
901,0,0,0,0,0,0
1901,0,663,0,792,0,0
1314,0,1386,0,877,501,601
1527,0,883,0,0,0,0
1930,0,909,601,822,401,0
1867,0,1345,751,1167,0,0
2210,0,1557,0,0,601,0
1907,0,0,0,0,0,0
1773,0,1036,601,0,0,0
1057,0,1020,801,1035,0,0
1054,55,494,454,595,176,78
1072,0,0,0,0,0,0
1824,0,0,0,0,0,0
1682,0,0,0,0,0,0
936,0,745,801,689,501,601
881,0,390,751,297,0,0
1346,0,0,0,0,0,0
1970,0,426,0,383,0,0
1195,0,626,801,543,0,0
1316,0,0,0,0,0,0
1569,0,455,0,499,0,0
1996,0,1289,0,1467,0,0
2132,0,469,801,419,501,301
926,0,0,0,0,0,0
1224,0,1101,0,0,0,0
1650,0,698,0,864,501,301
2045,0,0,0,0,0,0
976,0,1572,0,0,601,0
1401,0,1320,0,1432,0,0
1480,0,1801,0,0,0,0
1680,0,1393,0,1070,0,0
1024,0,720,651,445,0,0
1775,0,1427,0,0,0,0
1436,0,99,0,0,0,0
1018,0,1647,0,0,0,0
1715,0,1994,561,0,251,0
1408,0,1157,0,1054,601,0
1614,0,926,0,1022,501,501
1394,0,1622,0,0,501,601
1693,0,0,0,0,0,0
1796,0,0,0,0,0,0
2088,0,563,0,0,0,0
1759,0,819,0,873,401,301
2121,0,801,0,956,601,601
1971,0,1509,0,0,0,0
1632,0,786,0,0,0,0
1017,0,1254,0,1250,0,0
1134,0,1385,0,1390,0,0
1985,0,1457,0,0,0,0
1925,0,1176,0,1195,601,0
2083,0,1932,801,0,0,0
1716,0,0,0,0,0,0
1074,0,0,0,0,0,0
1133,0,495,0,467,301,0
1447,0,0,0,0,0,0
1676,0,1481,0,1262,0,0
1441,0,1960,0,0,0,0
1767,0,0,0,0,0,0
1297,0,1391,0,0,0,0
2055,0,0,0,0,0,0
1545,0,1068,0,971,0,0
1438,0,1594,0,0,0,0
1540,0,1628,0,0,0,0
2123,0,1728,0,0,0,0
1652,0,1312,0,1405,0,0
1013,0,0,0,0,0,0
2188,0,0,0,0,0,0
1149,0,0,0,0,0,0
1120,0,0,0,0,0,0
1356,0,0,0,0,0,0
2235,0,0,0,0,0,0
1579,0,0,0,0,0,0
2208,0,1355,0,0,0,0
1843,0,1840,0,0,0,0
2048,0,0,0,0,0,0
2077,0,1559,0,1448,0,0
972,0,0,0,0,0,0
910,0,403,0,0,0,0
1657,0,1510,0,928,0,0
950,0,702,0,850,0,0
1182,0,1907,0,0,0,0
1414,0,0,0,0,0,0
2182,0,1686,0,0,0,0
1155,0,1475,0,0,0,0
1211,0,0,0,0,0,0
2024,0,0,0,0,0,0
1361,0,0,0,0,0,0
1466,0,0,0,0,0,0
2104,0,1817,0,0,801,0
2054,0,0,0,0,0,0
1554,0,0,0,0,0,0
1101,0,0,0,0,0,0
2181,46,993,0,0,0,0
1226,0,1842,0,0,0,0
2001,0,0,0,0,0,0
1717,0,0,0,0,0,0
1402,0,575,0,0,0,0
1870,0,0,0,0,0,0
1458,0,1953,0,0,0,0
1351,0,1636,0,0,0,0
2145,0,0,0,0,0,0
1390,0,1286,0,0,0,0
2234,0,0,0,0,0,0
1694,0,0,0,0,0,0
2191,0,1081,0,0,0,0
2175,0,0,0,0,0,0
1159,0,0,0,0,0,0
1199,0,0,0,0,0,0
1630,0,0,0,0,0,0
1132,0,0,0,0,0,0
2043,0,0,0,0,0,0
1345,0,0,0,0,0,0
1360,0,0,0,0,0,0
1188,0,0,0,0,0,0
1949,0,0,0,0,0,0
1884,0,0,0,0,0,0
2056,0,0,0,0,0,0
1972,0,0,0,0,0,0
1088,99,0,0,0,0,0
1280,0,0,0,0,0,0
1465,0,0,0,0,0,0
1853,0,1662,0,0,0,0
1653,0,0,0,0,0,0
2166,0,1213,0,1038,0,0
1790,0,0,0,0,0,0
1189,0,0,0,0,0,0
1588,0,0,0,0,0,0
1675,0,0,0,0,0,0
1635,0,0,0,0,0,0
1002,0,184,0,155,401,601
2078,0,0,0,0,0,0
2118,0,0,0,0,0,0
1494,0,0,0,0,0,0
1898,0,0,0,0,0,0
1481,0,0,0,0,0,0
1476,0,0,0,0,0,0
1258,0,0,0,0,0,0
915,0,1818,0,0,0,0
2220,0,0,0,0,0,0
1664,0,0,0,0,0,0
1817,0,0,0,0,0,0
999,0,0,0,0,0,0
1543,0,0,0,0,0,0
1086,0,0,0,0,0,0
1237,0,1492,0,0,0,0
1623,0,0,0,0,0,0
1084,0,0,0,0,0,0
1052,0,0,0,0,0,0
2161,0,0,0,0,0,0
1445,0,0,0,0,0,0
1916,0,1053,0,0,0,0
1944,0,0,0,0,0,0
1368,0,0,0,0,0,0
1950,0,0,0,0,0,0
1959,0,0,0,0,0,0
1420,0,0,0,0,0,0
2014,0,0,0,0,0,0
2020,0,0,0,0,0,0
1336,0,0,0,0,0,0
1718,0,958,0,970,0,0
1341,0,0,0,0,0,0
1004,0,0,0,0,0,0
1825,0,0,0,0,0,0
1601,0,0,0,0,0,0
1876,0,0,0,0,0,0
1808,0,0,0,0,0,0
1405,0,0,0,0,0,0
1397,0,0,0,0,0,0
1958,0,0,0,0,0,0
1505,0,0,0,0,0,0
2023,0,0,0,0,0,0
1427,0,0,0,0,0,0
2028,0,0,0,0,0,0
1386,0,890,0,0,0,0
1176,0,0,0,0,0,0
2036,0,0,0,0,0,0
1446,0,0,0,0,0,0
1196,0,0,0,0,0,0
977,0,0,0,0,0,0
1451,0,0,0,0,0,0
1282,0,0,0,0,0,0
1365,0,0,0,0,0,0
1334,0,1133,0,494,0,0
903,0,0,0,0,0,0
1354,0,0,0,0,0,0
1208,0,0,0,0,0,0
2097,0,0,0,0,0,0
2051,0,0,0,0,0,0
1112,0,1606,0,1470,0,0
1510,0,1739,0,0,0,0
1620,0,852,0,693,251,0
2216,0,0,0,0,0,0
1618,0,0,0,0,0,0
1489,0,0,0,0,0,0
1442,0,0,0,0,0,0
1668,0,0,0,0,0,0
1152,0,1826,0,0,0,0
1913,0,0,0,0,0,0
1555,0,1627,0,0,0,0
1406,0,0,0,0,0,0
1071,0,0,0,0,0,0
1197,0,0,0,0,0,0
1231,0,0,0,0,0,0
954,0,0,0,0,0,0
1735,0,0,0,0,0,0
1349,0,0,0,0,0,0
1218,0,0,0,0,0,0
1581,0,1750,0,0,0,0
1158,0,918,0,0,0,0
1381,0,1379,0,0,0,0
1246,0,0,0,0,0,0
1264,0,1961,0,0,0,0
1289,0,0,0,0,0,0
1315,0,0,0,0,0,0
2160,0,0,0,0,0,0
1888,0,0,0,0,0,0
1568,0,0,0,0,0,0
2197,0,0,0,0,0,0
1097,0,0,0,0,0,0
1567,0,0,0,0,0,0
1348,0,0,0,0,0,0
1645,0,47,177,47,57,35
1385,0,0,0,0,0,0
1909,0,0,0,0,0,0
1929,0,1906,0,0,0,0
2063,0,0,0,0,0,0
1350,0,1949,0,0,0,0
1692,0,0,0,0,0,0
2058,0,0,0,0,0,0
1960,0,0,0,0,0,0
1547,0,0,0,0,0,0
1707,0,0,0,0,0,0
1755,0,0,0,0,0,0
1181,0,0,0,0,0,0
1323,0,0,0,0,0,0
1329,0,0,0,0,0,0
1366,0,0,0,0,0,0
1701,0,0,0,0,0,0
1254,0,0,0,0,0,0
1636,0,0,0,0,0,0
1257,0,0,0,0,0,0
1265,0,0,0,0,0,0
997,0,0,0,0,0,0
1040,0,0,0,0,0,0
1029,0,0,0,0,0,0
2183,0,0,0,0,0,0
1045,0,0,0,0,0,0
1091,0,0,0,0,0,0
2229,0,0,0,0,0,0
1305,0,0,0,0,0,0
1031,0,0,0,0,0,0
1398,0,0,0,0,0,0
2195,0,0,0,0,0,0
1204,0,0,0,0,0,0
961,0,0,0,0,1001,0
2059,0,0,0,0,0,0
1609,0,0,0,0,0,0
1570,0,0,0,0,0,0
1075,0,0,0,0,0,0
1736,0,1333,0,0,0,0
1661,0,0,0,0,0,0
2140,0,0,0,0,0,0
1083,0,0,0,0,0,0
1583,0,0,0,0,0,0
2137,0,0,0,0,0,0
1268,0,0,0,0,0,0
1859,0,1971,0,0,0,0
1248,0,0,0,0,0,0
1417,0,1946,0,0,0,0
1670,0,0,0,0,0,0
2136,0,0,0,0,0,0
1893,0,1770,0,0,0,0
924,0,1670,0,0,0,0
1174,0,1703,0,0,0,0
1869,0,0,0,0,0,0
2155,0,0,0,0,0,0
2158,0,0,0,0,0,0
2147,0,0,0,0,0,0
1228,0,0,0,0,0,0
1640,0,0,0,0,0,0
2025,0,0,0,0,0,0
1820,0,0,0,0,0,0
988,0,0,0,0,0,0
1533,0,1580,0,0,0,0
2080,0,0,0,0,0,0
1055,0,0,0,0,0,0
2098,0,0,0,0,0,0
1331,0,0,0,0,0,0
1116,0,0,0,0,0,0
1606,0,0,0,0,0,0
1872,0,0,0,0,0,0
1094,0,1989,0,0,0,0
1432,0,0,0,0,0,0
1437,0,0,0,0,0,0
897,0,0,0,0,0,0
1926,0,0,0,0,0,0
1708,0,0,0,0,0,0
1370,0,0,0,0,0,0
1011,0,0,0,0,0,0
2189,0,0,0,0,0,0
2178,0,0,0,0,0,0
968,0,0,0,0,0,0
1754,0,0,0,0,0,0
898,0,0,0,0,0,0
1575,0,0,0,0,0,0
1486,0,0,0,0,0,0
1095,0,0,0,0,0,0
1871,0,0,0,0,0,0
962,0,0,0,0,0,0
1382,0,0,0,0,0,0
2131,0,0,0,0,0,0
2107,0,0,0,0,0,0
1495,0,0,0,0,0,0
884,0,0,0,0,0,0
1277,0,0,0,0,0,0
1868,0,0,0,0,0,0
1965,0,0,0,0,0,0
1684,0,0,0,0,0,0
1236,0,0,0,0,0,0
2037,0,0,0,0,0,0
1266,0,0,0,0,0,0
1194,0,0,0,0,0,0
1128,0,0,0,0,0,0
1372,0,0,0,0,0,0
1902,0,0,0,0,0,0
931,0,0,0,0,0,0
2093,0,708,0,1462,0,0
1369,0,0,0,0,0,0
1532,0,0,0,0,0,0
1433,0,0,0,0,0,0
1589,0,878,0,0,0,0
1615,0,0,0,0,0,0
1937,0,1752,0,0,0,0
2004,0,0,0,0,0,0
1499,0,0,0,0,0,0
1789,0,0,0,0,0,0
1303,0,0,0,0,0,0
1918,0,0,0,0,0,0
1100,0,0,0,0,0,0
1878,0,0,0,0,0,0
1179,0,0,0,0,0,0
1627,0,0,0,0,0,0
2194,0,0,0,0,0,0
1163,0,0,0,0,0,0
1389,0,0,0,0,0,0
1283,0,0,0,0,0,0
1137,0,0,0,0,0,0
1229,0,0,0,0,0,0
1799,0,0,0,0,0,0
1110,0,368,0,414,0,0
1828,0,0,0,0,0,0
1608,0,0,0,0,0,0
2015,0,0,0,0,0,0
1885,0,0,0,0,0,0
1056,0,0,0,0,0,0
1278,0,0,0,0,0,0
953,0,0,0,0,0,0
1879,0,0,0,0,0,0
1332,0,0,0,0,0,0
1296,0,0,0,0,0,0
1482,0,0,0,0,0,0
1539,0,0,0,0,0,0
2052,0,0,0,0,0,0
2072,0,0,0,0,0,0
2209,0,0,0,0,0,0
2076,0,0,0,0,0,0
1851,0,0,0,0,0,0
2089,0,0,0,0,0,0
933,0,0,0,0,0,0
1330,0,0,0,0,0,0
1919,0,0,0,0,0,0
1591,0,0,0,0,0,0
2204,0,0,0,0,0,0
1322,0,0,0,0,0,0
1852,0,0,0,0,0,0
2217,0,0,0,0,0,0
1274,0,0,0,0,0,0
980,0,0,0,0,0,0
948,0,0,0,0,0,0
1836,0,0,0,0,0,0
1479,0,0,0,0,0,0
1953,0,0,0,0,0,0
1780,0,0,0,0,0,0
1963,0,0,0,0,0,0
2053,0,0,0,0,0,0
2214,0,0,0,0,0,0
2035,0,0,0,0,0,0
1219,0,0,0,0,0,0
2065,0,1855,0,0,0,0
2224,0,0,0,0,0,0
923,0,0,0,0,0,0
1677,0,0,0,0,0,0
1423,0,0,0,0,0,0
1932,0,0,0,0,0,0
1529,0,0,0,0,0,0
1951,0,0,0,0,0,0
1103,0,0,0,0,0,0
2200,0,0,0,0,0,0
1263,0,0,0,0,0,0
1413,0,0,0,0,0,0
1267,0,0,0,0,0,0
1173,0,0,0,0,0,0
1724,0,0,0,0,0,0
1014,0,0,0,0,0,0
1751,0,0,0,0,0,0
1457,0,0,0,0,0,0
1866,0,0,0,0,0,0
1079,0,0,0,0,0,0
909,0,0,0,0,0,0
1209,0,0,0,0,0,0
1912,0,0,0,0,0,0
935,0,0,0,0,0,0
2021,0,0,0,0,0,0
994,0,0,0,0,0,0
1598,0,0,0,0,0,0
964,0,0,0,0,0,0
1667,0,0,0,0,0,0
1418,0,0,0,0,0,0
1507,0,0,0,0,0,0
1138,0,0,0,0,0,0
1698,0,0,0,0,0,0
1954,0,0,0,0,0,0
2041,0,0,0,0,0,0
1269,0,0,0,0,0,0
919,0,0,0,0,0,0
1301,0,0,0,0,0,0
1648,0,0,0,0,0,0
2039,0,0,0,0,0,0
1169,0,0,0,0,0,0
1379,0,0,0,0,0,0
1989,0,0,0,0,0,0
957,0,0,0,0,0,0
2017,0,0,0,0,0,0
1816,0,0,0,0,0,0
1801,0,0,0,0,0,0
1599,0,0,0,0,0,0
2153,0,0,0,0,0,0
1814,0,0,0,0,0,0
951,0,0,0,0,0,0
1463,0,0,0,0,0,0
1164,0,0,0,0,0,0
1162,0,0,0,0,0,0
1792,0,0,0,0,0,0
1340,0,0,0,0,0,0
1634,0,0,0,0,0,0
1537,0,0,0,0,0,0
1662,0,0,0,0,0,0
1113,0,0,0,0,0,0
2095,0,0,0,0,0,0
1503,0,0,0,0,0,0
1541,0,0,0,0,0,0
1914,0,0,0,0,0,0
1383,0,0,0,0,0,0
947,0,0,0,0,0,0
2130,0,0,0,0,0,0
1005,0,0,0,0,0,0
1455,0,0,0,0,0,0
2012,0,0,0,0,0,0
929,0,0,0,0,0,0
1731,0,1974,0,0,0,0
1504,0,0,0,0,0,0
2206,0,0,0,0,0,0
1802,0,0,0,0,0,0
1593,0,0,0,0,0,0
2060,0,0,0,0,0,0
1046,0,0,0,0,0,0
1941,0,0,0,0,0,0
1311,0,0,0,0,0,0
2215,0,0,0,0,0,0
979,0,0,0,0,0,0
1973,0,0,0,0,0,0
1512,0,0,0,0,0,0
981,0,0,0,0,0,0
1890,0,0,0,0,0,0
1114,0,0,0,0,0,0
2179,0,0,0,0,0,0
1896,0,0,0,0,0,0
1125,0,0,0,0,0,0
1509,0,0,0,0,0,0
2061,0,0,0,0,0,0
1500,0,0,0,0,0,0
1243,0,0,0,0,0,0
2177,0,0,0,0,0,0
1617,0,0,0,0,0,0
891,0,0,0,0,0,0
1844,0,0,0,0,0,0
1838,0,0,0,0,0,0
989,0,0,0,0,0,0
1610,0,0,0,0,0,0
1649,0,0,0,0,0,0
965,0,0,0,0,0,0
1967,0,0,0,0,0,0
1374,0,0,0,0,0,0
1923,0,0,0,0,0,0
1685,0,0,0,0,0,0
1395,0,0,0,0,0,0
1082,0,0,0,0,0,0
2069,0,0,0,0,0,0
2143,0,0,0,0,0,0
1409,0,0,0,0,0,0
1304,0,0,0,0,0,0
1947,0,0,0,0,0,0
1384,0,0,0,0,0,0
1576,0,0,0,0,0,0
1762,0,0,0,0,0,0
1924,0,0,0,0,0,0
2034,0,0,0,0,0,0
1938,0,0,0,0,0,0
1190,0,0,0,0,0,0
2038,0,0,0,0,0,0
2190,0,0,0,0,0,0
1768,0,0,0,0,0,0
2013,0,0,0,0,0,0
1324,0,0,0,0,0,0
1220,0,0,0,0,0,0
1213,0,0,0,0,0,0
1496,0,0,0,0,0,0
1942,0,0,0,0,0,0
1979,0,0,0,0,0,0
1251,0,0,0,0,0,0
1939,0,0,0,0,0,0
1284,0,0,0,0,0,0
1191,0,0,0,0,0,0
1706,0,0,0,0,0,0
1335,0,0,0,0,0,0
1358,0,0,0,0,0,0
1531,0,0,0,0,0,0
2192,0,0,0,0,0,0
1837,0,0,0,0,0,0
2233,0,0,0,0,0,0
2079,0,0,0,0,0,0
1519,0,0,0,0,0,0
1373,0,0,0,0,0,0
1778,0,0,0,0,0,0
1791,0,0,0,0,0,0
1915,0,0,0,0,0,0
1641,0,0,0,0,0,0
916,0,0,0,0,0,0
1104,0,0,0,0,0,0
1377,0,0,0,0,0,0
1207,0,0,0,0,0,0
1212,0,0,0,0,0,0
1955,0,0,0,0,0,0
1508,0,0,0,0,0,0
1472,0,0,0,0,0,0
1557,0,0,0,0,0,0
1584,0,0,0,0,0,0
934,0,0,0,0,0,0
1899,0,0,0,0,0,0
1105,0,0,0,0,0,0
1073,0,0,0,0,0,0
1940,0,0,0,0,0,0
2101,0,0,0,0,0,0
1752,0,0,0,0,0,0
882,0,0,0,0,0,0
2176,0,0,0,0,0,0
1484,0,0,0,0,0,0
1016,0,0,0,0,0,0
1666,0,0,0,0,0,0
978,0,0,0,0,0,0
1467,0,0,0,0,0,0
1279,0,0,0,0,0,0
1077,0,0,0,0,0,0
1625,0,0,0,0,0,0
1558,0,0,0,0,0,0
1894,0,0,0,0,0,0
917,0,0,0,0,0,0
918,0,0,0,0,0,0
1473,0,0,0,0,0,0
1596,0,0,0,0,0,0
1538,0,0,0,0,0,0
990,0,0,0,0,0,0
1511,0,0,0,0,0,0
1991,0,0,0,0,0,0
1462,0,0,0,0,0,0
1143,0,0,0,0,0,0
1250,0,0,0,0,0,0
1192,0,0,0,0,0,0
1961,0,0,0,0,0,0
1671,0,0,0,0,0,0
1740,0,343,0,653,0,0
1597,0,0,0,0,0,0
1548,0,0,0,0,0,0
1080,0,0,0,0,0,0
1550,0,0,0,0,0,0
2185,0,0,0,0,0,0
1748,0,0,0,0,0,0
2169,0,0,0,0,0,0
1299,0,0,0,0,0,0
1203,0,0,0,0,0,0
938,0,0,0,0,0,0
1363,0,0,0,0,0,0
2040,0,0,0,0,0,0
1803,0,0,0,0,0,0
2211,0,0,0,0,0,0
1399,0,0,0,0,0,0
1426,0,0,0,0,0,0
1492,0,0,0,0,0,0
1157,0,0,0,0,0,0
1964,0,0,0,0,0,0
1845,0,0,0,0,0,0
1171,0,0,0,0,0,0
1891,0,0,0,0,0,0
1333,0,0,0,0,0,0
1605,0,0,0,0,0,0
1058,0,0,0,0,0,0
1722,0,0,0,0,0,0
1487,0,0,0,0,0,0
1779,0,0,0,0,0,0
1560,0,0,0,0,0,0
2033,0,0,0,0,0,0
1847,0,0,0,0,0,0
1993,0,0,0,0,0,0
1059,0,0,0,0,0,0
1931,0,0,0,0,0,0
1477,0,0,0,0,0,0
1602,0,0,0,0,0,0
1520,0,0,0,0,0,0
1633,0,0,0,0,0,0
1892,0,0,0,0,0,0
892,0,0,0,0,0,0
1415,0,0,0,0,0,0
1744,0,0,0,0,0,0
940,0,0,0,0,0,0
1145,0,0,0,0,0,0
2007,0,0,0,0,0,0
1833,0,0,0,0,0,0
2120,0,0,0,0,0,0
1233,0,0,0,0,0,0
1256,0,0,0,0,0,0
2221,0,0,0,0,0,0
2142,0,0,0,0,0,0
955,0,0,0,0,0,0
1807,0,686,0,856,0,0
2011,0,0,0,0,0,0
1319,0,0,0,0,0,0
1147,0,0,0,0,0,0
2102,0,0,0,0,0,0
2042,0,0,0,0,0,0
963,0,0,0,0,0,0
1834,0,347,601,387,126,251
2084,0,198,373,176,251,251
1887,0,0,0,0,0,0
1460,0,0,0,0,0,0
1327,0,0,0,0,0,0
1099,0,0,0,0,0,0
1713,0,25,35,29,16,15
1396,0,0,0,0,0,0
1772,0,0,0,0,0,0
1897,0,0,0,0,0,0
1498,0,0,0,0,0,0
1515,0,0,0,0,0,0
1255,0,0,0,0,0,0
952,0,33,71,38,30,51
1272,0,1024,0,807,501,601
1750,0,951,751,847,501,0
2201,0,1894,0,0,0,0
1535,0,309,561,349,401,401
1573,0,427,801,435,601,501
1493,0,0,0,0,0,0
1795,0,579,0,0,301,0
1431,0,231,0,261,0,0
1502,0,806,0,936,0,0
1578,0,0,0,0,0,0
1975,0,0,0,0,0,0
1098,0,0,0,0,0,0
1291,0,0,0,0,0,0
1111,0,0,0,0,0,0
2057,0,0,0,0,0,0
1260,0,0,0,0,0,0
1387,0,0,0,0,0,0
1239,0,0,0,0,0,0
2135,0,0,0,0,0,0
1683,0,0,0,0,0,0
1839,0,0,0,0,0,0
2070,0,1104,0,1148,301,501
1734,0,1455,0,0,0,0
996,0,0,0,0,0,0
2193,0,0,0,0,0,0
1033,0,0,0,0,0,0
1032,0,0,0,0,0,0
1069,0,916,0,750,0,0
2049,0,0,0,0,0,0
1514,0,0,0,0,0,0
1595,0,0,0,0,0,0
1290,0,0,0,0,0,0
1861,0,0,0,0,0,0
1066,0,0,0,0,0,0
2184,0,0,0,0,0,0
2134,0,0,0,0,0,0
1198,0,0,0,0,0,0
1135,0,0,0,0,0,0
899,0,0,0,0,0,0
1655,0,0,0,0,0,0
1793,0,0,0,0,0,0
1819,0,0,0,0,0,0
1459,0,0,0,0,0,0
1454,0,1568,0,0,0,0
1607,0,0,0,0,0,0
1244,0,0,0,0,0,0
1076,0,0,0,0,0,0
2122,0,0,0,0,0,0
1536,0,0,0,0,0,0
1665,0,0,0,0,0,0
2022,0,0,0,0,0,0
1587,0,0,0,0,0,0
2016,0,0,0,0,0,0
1310,0,0,0,0,0,0
2202,0,0,0,0,0,0
927,0,0,0,0,0,0
1812,0,0,0,0,0,0
1856,0,0,0,0,0,0
1881,0,0,443,0,0,0
1523,0,0,0,0,0,0
2117,0,0,0,0,0,0
1935,0,0,0,0,0,0
1352,0,0,0,0,0,0
2125,0,0,0,0,0,0
1738,0,0,0,0,0,0
1497,0,0,0,0,0,0
2180,0,0,0,0,0,0
1753,0,0,0,0,0,0
1786,0,0,0,0,0,0
1434,0,0,0,0,0,0
1646,0,0,0,0,0,0
2228,0,0,0,0,0,0
974,0,0,0,0,0,0
975,0,0,0,0,0,0
1603,0,0,0,0,0,0
1117,0,0,0,0,0,0
1782,0,0,0,0,0,0
1571,0,0,0,0,0,0
1180,0,0,0,0,0,0
1783,0,0,0,0,0,0
1982,0,0,0,0,0,0
1712,0,0,0,0,0,0
1739,0,0,0,1474,0,0
1216,0,0,0,0,0,0
1217,0,0,0,0,0,0
1800,0,1658,0,1298,401,0
1936,0,1000,0,0,801,0
1106,0,0,0,0,0,0
1210,0,0,0,0,0,0
1956,0,0,0,0,0,0
1542,0,0,0,0,0,0
1252,0,0,0,0,0,0
1647,0,0,0,0,0,0
2018,0,0,0,0,0,0
2108,0,0,0,0,0,0
991,0,0,0,0,0,0
1410,0,0,0,0,0,0
1534,0,0,0,0,0,0
1934,0,0,0,0,0,0
2126,0,0,0,0,0,0
1121,0,0,0,0,0,0
1697,0,0,0,0,0,0
1565,0,0,0,0,0,0
2156,0,0,0,0,0,0
1745,0,0,0,0,0,0
1526,0,0,0,0,0,0
2173,0,0,0,0,0,0
1643,0,0,0,0,0,0
1148,0,0,0,0,0,0
1726,0,41,0,76,0,0
2044,0,1558,0,0,0,0
1906,0,1858,0,0,0,0
1342,0,641,0,664,0,0
1506,0,0,0,0,0,0
1658,0,1596,0,0,0,0
2227,0,276,0,374,0,0
1070,0,1109,0,0,0,0
1010,0,0,0,0,0,0
1161,0,1251,0,0,0,0
2046,0,0,0,0,0,0
2094,0,996,0,1364,0,0
1785,0,933,0,0,0,0
992,0,839,0,957,0,0
1201,0,0,0,0,0,0
1400,0,0,0,0,0,0
1704,0,1507,0,0,0,0
2165,0,1103,651,761,601,0
1821,0,0,0,0,0,0
1522,0,0,0,0,0,0
1688,0,0,0,0,0,0
932,0,0,0,0,0,0
1689,0,0,0,0,0,0
1732,0,1483,0,0,0,0
1710,0,171,0,62,0,0
1308,0,0,0,0,0,0
1232,0,0,0,0,0,0
2146,0,1072,0,779,0,0
2115,0,0,0,0,0,0
1375,0,0,0,0,0,0
1733,0,0,0,0,0,0
1850,0,0,0,0,0,0
1690,0,0,0,0,0,0
2203,0,0,0,0,0,0
1064,0,0,0,0,0,0
2002,0,0,0,0,0,0
1957,0,0,0,0,0,0
2150,0,0,0,0,0,0
1644,0,0,0,0,0,0
1787,0,0,0,0,0,0
1025,0,0,0,0,0,0
2231,0,942,0,0,0,0
1344,0,0,0,0,0,0
1809,0,0,0,0,0,0
1309,0,1821,0,0,0,0
1221,0,0,0,0,0,0
1528,0,0,0,0,0,0
1877,0,0,0,0,0,0
2075,0,1851,0,0,0,0
1027,0,0,0,0,0,0
1028,0,0,0,0,0,0
1030,0,0,0,0,0,0
1328,0,0,0,0,0,0
1150,0,0,0,0,0,0
2230,0,0,0,0,0,0
2198,0,0,0,0,0,0
1041,0,0,0,0,0,0
1061,0,0,0,0,0,0
1062,0,0,0,0,0,0
1756,0,0,0,0,0,0
1126,0,0,0,0,0,0
1034,0,0,0,0,0,0
1035,0,0,0,0,0,0
1469,0,0,0,0,0,0
1392,0,0,0,0,0,0
894,0,0,0,0,0,0
1705,0,0,0,0,0,0
2223,0,0,0,0,0,0
1860,0,0,0,0,0,0
2030,0,0,0,0,0,0
1453,0,0,0,0,0,0
1854,0,0,0,0,0,0
890,0,1184,0,1110,0,0
1760,0,1454,0,1421,0,0
2133,0,0,0,0,0,0
2167,0,0,0,0,0,0
1343,0,0,0,0,0,0
1719,0,0,0,0,0,0
1927,0,0,0,0,0,0
945,0,0,0,0,0,0
2168,0,0,0,0,0,0
1613,0,481,0,572,0,0
911,0,0,0,0,0,0
1761,0,0,0,0,0,0
971,0,0,0,0,0,0
1827,0,0,0,0,0,0
1165,0,0,0,0,0,0
2322,0,1049,0,607,0,0
1065,0,0,0,0,0,0
1673,0,0,0,0,0,0
2019,0,1664,0,0,0,0
1478,0,0,0,0,0,0
1895,0,0,0,0,0,0
1461,0,0,0,0,0,0
1952,0,0,0,0,0,0
1347,0,0,0,0,0,0
1549,0,0,0,0,0,0
1185,0,0,0,0,0,0
2207,0,0,0,0,0,0
1160,0,0,0,0,0,0
1654,0,0,0,0,0,0
1376,0,0,0,0,0,0
1102,0,0,0,0,0,0
1298,0,0,0,0,0,0
1273,0,0,0,0,0,0
2006,0,0,0,0,0,0
893,0,0,0,0,0,0
1227,0,0,0,0,0,0
1920,0,0,0,0,0,0
1660,0,0,0,0,0,0
1517,0,0,0,0,0,0
1407,0,0,0,0,0,0
1416,0,0,0,0,0,0
1737,0,1613,0,0,0,0
1886,0,0,0,0,0,0
1139,0,0,0,0,0,0
2128,0,0,0,0,0,0
1053,0,0,0,0,0,0
2026,0,0,0,0,0,0
2010,0,0,0,0,0,0
1781,0,0,0,0,0,0
2172,0,0,0,0,0,0
1862,0,0,0,0,0,0
941,0,1074,0,0,0,0
1175,0,0,0,0,0,0
1501,0,0,0,0,0,0
900,0,0,0,0,0,0
905,0,0,0,0,0,0
1663,0,0,0,0,0,0
1691,0,0,0,0,0,0
2119,0,0,0,0,0,0
1087,0,2,1,2,1,2
1245,0,0,0,0,0,0
1044,0,0,0,0,0,0
2064,0,0,0,0,0,0
1600,0,0,0,0,0,0
1317,0,0,0,0,0,0
925,0,0,0,0,0,0
1123,0,0,0,0,0,0
2113,0,0,0,0,0,0
1863,0,0,0,0,0,0
1784,0,0,0,0,0,0
1140,0,0,0,0,0,0
896,0,0,0,0,0,0
2082,0,0,0,0,0,0
2050,0,0,0,0,0,0
1945,0,0,0,0,0,0
1629,0,0,0,0,0,0
1818,0,0,0,0,0,0
912,0,0,0,0,0,0
913,0,0,0,0,0,0
1170,0,0,0,0,0,0
1830,0,0,0,0,0,0
1525,0,0,0,0,0,0
1835,0,0,0,0,0,0
1720,0,0,0,0,0,0
2031,0,0,0,0,0,0
1488,0,0,0,0,0,0
1577,0,0,0,0,0,0
1725,0,0,0,0,0,0
1281,0,0,0,0,0,0
1980,0,0,0,0,0,0
1910,0,0,0,0,0,0
1295,0,0,0,0,0,0
1559,0,0,0,0,0,0
1604,0,0,0,0,0,0
2099,0,0,0,0,0,0
1412,0,0,0,0,0,0
1193,0,0,0,0,0,0
1325,0,0,0,0,0,0
1253,0,0,0,0,0,0
1864,0,0,0,0,0,0
1393,0,0,0,0,0,0
2151,0,0,0,0,0,0
995,0,0,0,0,0,0
1998,0,0,0,0,0,0
1741,0,0,0,0,0,0
1261,0,0,0,0,0,0
2029,0,0,0,0,0,0
1981,0,0,0,0,0,0
2073,0,0,0,0,0,0
1561,0,0,0,0,0,0
1832,0,0,0,0,0,0
1992,0,0,0,0,0,0
1962,0,0,0,0,0,0
2232,0,0,0,0,0,0
1276,0,0,0,0,0,0
1994,0,0,0,0,0,0
2148,0,0,0,0,0,0
1562,0,0,0,0,0,0
2112,0,0,0,0,0,0
1911,0,0,0,0,0,0
1042,0,0,0,8,0,0
1811,0,0,0,0,0,0
1746,0,0,0,0,0,0
1566,0,0,0,0,0,0
1626,0,0,0,0,0,0
1355,0,0,0,0,0,0
2321,0,1693,0,0,0,0
1474,0,0,0,0,0,0
2171,0,0,0,0,0,0
2823,0,0,0,0,0,0
2828,0,0,0,0,0,0
2829,0,0,0,0,0,0
2820,0,0,0,0,0,0
556,0,0,0,0,0,0
2836,0,0,0,0,0,0
2845,0,0,0,0,0,0
2100,0,0,0,0,0,0
1156,0,0,0,0,0,0
2323,0,0,0,0,0,0
2312,0,1190,0,0,0,0
2844,0,0,0,0,0,0
2855,0,0,0,0,0,0
2837,0,0,0,0,0,0
2843,0,0,0,0,0,0
2832,0,0,0,0,0,0
2848,0,0,0,0,0,0
2847,0,0,0,0,0,0
2923,0,0,0,0,0,0
3266,0,0,0,0,0,0
3584,0,0,0,0,0,0
3556,0,0,0,0,0,0
3585,0,0,0,0,0,0
2655,0,0,0,0,0,0
857,0,778,0,706,301,301
2684,0,0,0,0,0,0
2358,0,0,0,0,0,0
2801,0,0,0,0,0,0
867,0,1535,0,0,601,0
851,0,1702,651,1266,301,501
805,0,175,62,135,78,22
863,0,131,99,142,126,101
2807,0,0,0,0,0,0
873,0,1581,801,1288,501,401
2310,0,1968,0,1339,401,501
865,0,5,5,5,2,4
800,0,4,7,9,6,3
814,0,120,77,86,126,101
2361,0,0,0,0,0,0
2814,0,0,0,0,0,0
809,0,690,301,580,201,251
815,0,463,300,406,301,176
2695,0,0,0,0,0,0
874,0,148,93,133,70,126
2360,0,0,0,0,0,0
879,0,320,150,264,93,126
825,0,100,91,152,96,65
2813,0,0,0,0,0,0
2300,0,0,0,0,0,0
869,0,882,601,604,401,301
792,0,970,511,722,201,101
2809,0,0,0,0,0,0
855,0,57,27,64,29,32
835,0,30,8,20,17,0
2800,0,0,0,0,0,0
3055,0,0,0,0,0,0
878,0,567,368,453,251,201
813,0,1522,801,1125,401,501
830,0,134,181,146,201,251
807,0,330,319,312,301,401
806,0,0,0,0,601,401
783,0,0,801,0,601,0
784,0,260,207,238,201,301
785,0,792,485,792,176,0
786,0,447,173,427,151,101
787,0,829,0,722,0,0
788,0,350,209,306,251,201
789,0,903,601,850,601,601
791,0,212,205,327,151,101
793,0,78,87,92,101,151
795,0,851,801,656,251,301
796,0,236,246,152,42,77
797,0,90,58,86,101,201
798,0,1227,801,1142,201,301
799,0,1504,0,919,301,251
801,0,661,380,591,176,201
802,0,153,159,168,101,101
803,0,750,411,656,52,126
804,0,1353,541,990,301,301
808,0,1871,801,0,401,301
810,0,44,20,30,44,43
3056,0,0,0,0,0,0
2811,0,0,0,0,0,0
811,0,498,308,378,201,126
812,0,266,164,164,101,176
2306,0,0,0,0,601,0
816,0,506,267,447,301,61
817,0,701,601,748,401,301
818,0,1730,0,0,601,0
819,0,1015,801,1083,501,601
820,0,1524,701,1304,251,201
821,0,478,601,822,401,201
822,0,1620,581,1413,501,301
823,96,348,135,177,96,83
824,0,1951,0,1455,301,501
826,0,1621,801,1174,601,301
827,0,228,242,232,201,401
828,0,1530,801,980,501,401
829,0,827,801,475,501,501
831,0,681,344,868,201,251
832,0,867,350,0,101,101
833,0,315,86,238,85,126
834,0,1766,416,1192,101,0
836,0,45,31,34,54,101
2799,0,0,0,0,0,0
2366,0,0,0,0,0,0
838,0,0,801,0,0,0
839,0,316,49,244,8,7
840,0,223,0,114,0,0
841,0,0,751,0,601,0
842,0,1582,701,941,251,251
843,0,155,114,114,151,201
844,0,1342,346,1321,126,251
845,0,596,0,434,201,0
846,0,19,10,19,14,20
847,0,0,801,0,401,0
848,0,1396,701,1321,301,301
849,0,1395,0,941,201,0
850,0,1816,0,0,501,0
852,0,658,226,580,74,151
2580,0,0,0,0,0,0
853,0,0,0,0,501,0
854,0,1113,801,877,301,301
2675,0,0,0,0,0,0
856,0,0,0,0,601,0
858,0,857,701,908,201,0
859,0,177,152,166,151,126
860,0,939,651,660,501,501
861,0,277,333,306,101,176
862,0,1208,751,1022,501,401
864,0,1303,383,1006,301,201
866,0,0,0,0,0,0
868,0,1247,751,904,251,176
870,0,1282,801,1089,601,501
871,0,1424,801,1093,601,401
872,0,337,96,292,151,151
875,0,119,90,97,101,151
876,0,877,485,741,201,201
877,0,576,474,474,301,251
880,0,1177,601,1206,401,301
2288,0,0,801,0,601,0
2289,0,0,0,0,801,0
2291,0,0,0,0,601,0
2293,0,0,0,0,0,0
2295,0,0,0,0,0,0
2296,0,1132,0,769,0,0
2299,0,0,0,0,0,0
2303,0,0,0,0,0,0
2305,0,0,0,0,0,0
2307,0,0,0,0,0,0
2308,0,0,0,0,0,0
2309,0,0,0,0,0,0
2327,0,0,0,0,0,0
2333,0,0,0,0,0,0
2334,0,0,0,0,0,0
2335,0,0,0,0,0,0
2336,0,0,0,0,0,0
2337,0,0,0,0,0,0
2338,0,0,0,0,0,0
2339,0,0,0,0,0,0
2340,0,0,0,0,0,0
2341,0,0,0,0,0,0
2342,0,0,0,0,0,0
2343,0,0,0,0,0,0
2344,0,0,0,0,0,0
2345,0,0,0,0,0,0
2346,0,0,0,0,0,0
2347,0,0,0,0,0,0
2348,0,0,0,0,0,0
2349,0,0,0,0,0,0
2350,0,0,0,0,0,0
2351,0,0,0,0,0,0
2353,0,0,0,0,0,0
2354,0,0,0,0,0,0
2355,0,0,0,0,0,0
2356,0,0,0,0,0,0
2357,0,0,0,0,0,0
2359,0,0,0,0,0,0
2363,0,0,0,0,0,0
2364,0,0,0,0,0,0
2365,0,0,0,0,0,0
2802,0,0,0,0,0,0
2897,0,0,0,0,0,0
2596,0,0,0,0,0,0
2806,0,0,0,0,0,0
2292,0,0,0,0,0,0
2678,0,669,0,0,0,0
2362,0,0,0,0,0,0
2674,0,0,0,0,0,0
2298,0,0,0,0,0,0
2680,0,0,0,0,0,0
2805,0,0,0,0,0,0
2691,0,0,0,0,0,0
2688,0,0,0,0,0,0
2611,0,0,0,0,0,0
2304,0,1771,0,0,0,0
2297,0,0,0,0,0,0
2588,0,0,0,0,0,0
2618,0,0,0,0,0,0
2629,0,0,0,0,0,0
2599,0,0,0,0,601,0
3577,0,0,0,0,0,0
2641,0,0,0,0,0,0
2699,0,0,0,0,0,0
2352,0,0,0,0,0,0
3588,0,0,0,0,0,0
104,0,24,25,17,27,24
64,0,48,45,31,27,28
9,0,101,119,138,201,90
39,0,27,31,51,49,82
11,0,199,166,210,176,176
109,0,400,531,432,201,101
10,0,188,246,174,501,251
40,0,160,144,133,251,151
2,0,527,601,471,401,501
12,0,859,751,1049,601,501
52,0,828,801,965,301,401
95,0,203,279,192,401,301
22,0,331,291,325,401,401
54,0,335,323,306,126,151
98,0,438,465,538,301,601
90,0,261,601,390,501,401
47,0,301,246,419,301,176
33,0,1294,0,1254,501,0
97,0,950,0,902,601,401
41,0,625,701,703,401,401
105,0,366,370,301,301,301
85,0,459,571,483,301,401
227,0,1162,0,1204,0,0
107,0,185,203,287,251,126
65,0,1809,0,0,0,0
71,0,113,118,140,101,98
67,0,1237,0,1436,0,0
89,0,1337,0,1470,501,0
108,0,1143,0,1271,0,0
93,0,1845,0,0,601,0
13,0,1941,0,0,0,0
82,0,286,420,361,401,401
6,0,1645,0,0,0,0
34,0,1592,0,1348,0,0
94,0,1344,0,1098,0,0
3,0,586,477,670,401,251
73,0,559,701,763,0,0
50,0,1958,0,0,0,0
68,0,1954,0,0,0,0
76,0,613,601,651,401,501
75,0,1927,0,0,0,0
303,0,889,0,0,0,0
79,0,1644,0,0,0,0
600,0,391,275,238,251,201
603,0,112,44,51,87,57
614,0,858,571,679,201,301
599,0,1111,701,936,301,0
609,0,63,41,25,50,40
2388,0,0,0,0,0,0
2966,0,0,0,0,0,0
610,0,947,551,543,401,301
606,0,130,55,48,99,67
594,0,389,303,217,151,101
607,0,547,223,281,251,251
622,0,514,474,274,201,401
604,0,1341,751,936,401,501
2386,0,1761,0,1315,0,0
2982,0,0,0,0,0,0
2962,0,0,0,0,0,0
618,0,1091,801,736,501,501
605,0,510,398,374,251,301
620,0,98,40,27,76,86
597,0,123,31,64,36,69
624,0,472,462,287,201,301
589,0,541,423,435,401,0
2384,0,0,0,0,0,0
598,0,1107,456,604,176,251
2997,0,0,0,0,0,0
591,0,521,295,372,301,126
621,0,402,133,162,201,101
590,0,221,106,73,251,201
619,0,378,214,217,201,151
2995,0,0,0,0,0,0
2994,0,0,0,0,0,0
2967,0,0,0,0,0,0
2978,0,0,0,0,0,0
2367,0,0,0,0,0,0
601,0,1789,414,1174,601,401
592,0,1011,801,0,0,0
2385,0,0,0,0,0,0
2891,0,0,0,0,0,0
625,0,398,196,214,251,201
593,0,1076,801,587,251,0
595,0,412,217,197,201,101
617,0,1412,0,965,301,501
2973,0,0,0,0,0,0
2964,0,0,0,0,0,0
2986,0,0,0,0,0,0
602,0,419,308,316,301,401
612,0,361,217,174,151,201
2976,0,0,0,0,0,0
2920,0,0,0,0,0,0
596,0,106,46,0,62,41
2999,0,0,0,0,0,0
2998,0,0,0,0,0,0
2963,0,0,0,0,0,0
2236,0,1675,0,1238,501,601
2981,0,0,0,0,0,0
623,0,1270,701,736,501,501
2983,0,0,0,0,0,0
2975,0,0,0,0,0,0
2960,0,0,0,0,0,0
608,0,656,372,297,301,401
2970,0,0,0,0,0,0
2993,0,0,0,0,0,0
2989,0,0,0,0,0,0
2979,0,0,0,0,0,0
3000,0,0,0,0,0,0
611,0,386,197,252,251,151
613,0,1061,651,591,401,301
2974,0,0,0,0,0,0
615,0,151,92,79,151,151
616,0,1684,591,1101,601,501
2969,0,0,0,0,0,0
2382,0,0,0,0,0,0
2914,0,0,0,0,0,0
2886,0,0,0,0,0,0
2918,0,0,0,0,0,0
2893,0,0,0,0,0,0
2892,0,0,0,0,0,0
2916,0,0,0,0,0,0
2912,0,0,0,0,0,0
2915,0,0,0,0,0,0
2895,0,0,0,0,0,0
2889,0,0,0,0,0,0
2917,0,0,0,0,0,0
2890,0,0,0,0,0,0
2913,0,0,0,0,0,0
2894,0,0,0,0,0,0
2883,0,0,0,0,0,0
2887,0,0,0,0,0,0
2888,0,0,0,0,0,0
2380,0,0,0,0,0,0
2376,0,0,0,0,0,0
2935,0,0,0,0,0,0
2971,0,0,0,0,0,0
2959,0,0,0,0,0,0
2968,0,0,0,0,0,0
2990,0,0,0,0,0,0
2980,0,0,0,0,0,0
3616,0,0,0,0,0,0
3606,0,0,0,0,0,0
3610,0,0,0,0,0,0
3618,0,0,0,0,0,0
3609,0,0,0,0,0,0
3617,0,0,0,0,0,0
3607,0,0,0,0,0,0
3615,0,0,0,0,0,0
3611,0,0,0,0,0,0
3612,0,0,0,0,0,0
3613,0,0,0,0,0,0
3608,0,0,0,0,0,0
3619,0,0,0,0,0,0
3620,0,0,0,0,0,0
628,0,1059,0,1156,0,0
690,0,49,63,46,73,44
710,0,314,344,316,201,0
629,0,616,521,697,301,126
633,0,370,148,338,151,101
653,0,224,317,238,176,176
646,0,467,267,543,251,0
638,0,141,240,114,201,55
707,0,430,333,564,401,0
647,0,504,801,475,201,301
682,0,271,483,342,0,0
641,0,525,541,520,201,0
691,0,81,50,76,46,64
680,0,0,501,274,201,401
631,0,59,130,111,56,151
677,0,239,131,197,201,0
649,0,307,751,285,251,0
658,0,127,175,168,176,0
715,0,202,437,186,89,0
2243,0,1390,0,1356,801,0
648,0,217,173,186,126,0
635,0,312,439,372,401,0
670,0,500,651,547,251,401
2239,0,1136,0,1100,0,0
705,0,820,0,684,401,301
627,0,218,145,184,107,0
654,0,129,311,222,201,301
698,0,1032,0,1006,0,0
701,0,374,601,486,0,0
632,0,66,117,82,40,0
634,0,597,801,483,201,301
657,0,1448,0,1262,0,0
640,0,1125,0,1113,251,0
681,0,620,443,511,88,251
668,0,167,228,155,126,151
709,0,125,175,0,61,0
659,0,373,531,419,301,0
672,0,70,64,54,35,0
662,0,108,195,158,176,0
645,0,194,282,232,98,251
703,0,618,451,756,0,0
678,0,1102,0,908,0,0
669,0,332,0,427,0,0
674,0,322,323,395,251,0
676,0,866,0,978,201,0
683,0,730,0,660,0,0
684,0,683,0,791,0,0
685,0,204,403,214,251,0
687,0,973,307,706,38,39
694,0,0,356,0,195,0
651,0,0,751,0,0,0
2237,0,1523,0,1074,0,0
699,0,0,0,0,501,251
700,0,519,801,490,201,0
702,0,474,701,706,0,0
712,54,0,0,0,0,0
2238,0,758,0,467,601,0
2240,0,1461,0,741,0,0
665,0,450,470,604,0,0
643,0,1099,0,1298,0,0
2241,0,1690,0,0,0,0
2242,0,1047,0,660,0,0
2332,80,0,0,0,0,0
696,0,805,0,814,0,0
2485,0,208,0,0,0,0
639,0,729,551,729,401,401
664,0,668,0,898,201,0
2499,58,0,0,0,0,0
706,0,832,651,623,201,301
667,0,1449,0,1044,601,0
2244,0,1808,0,0,0,0
688,0,0,651,499,251,0
2245,0,1433,0,1364,0,0
713,0,1377,0,1405,0,0
721,48,0,43,95,62,59
716,22,0,27,109,74,29
717,0,0,75,170,82,29
718,0,0,48,162,93,72
719,0,0,264,607,201,176
720,29,0,22,83,26,36
723,0,0,571,0,0,0
2779,0,0,0,0,0,0
724,0,283,177,226,151,176
2937,0,0,0,0,0,0
725,0,509,286,437,501,401
726,0,1026,439,838,201,201
727,0,0,0,0,0,0
728,0,1013,0,959,201,0
729,0,213,101,244,126,151
730,0,622,238,599,301,301
731,0,948,511,898,301,301
732,0,1185,701,941,201,251
3432,0,0,0,0,0,0
2904,0,0,0,0,0,0
3463,0,0,0,0,0,0
734,0,0,531,0,401,251
735,0,754,142,580,401,201
736,0,936,187,486,176,201
737,0,1549,601,895,0,0
738,0,0,701,0,801,0
739,0,0,801,0,501,501
741,0,409,59,205,301,126
742,0,1877,439,1106,601,0
743,0,802,132,626,401,301
744,0,1593,651,949,601,601
2262,0,0,801,0,1001,601
2263,0,0,379,0,0,0
2264,0,0,391,0,0,0
2938,0,0,701,0,0,0
2568,0,0,0,0,0,0
747,0,259,57,172,86,0
652,0,0,0,0,0,0
751,0,79,128,86,37,0
656,0,0,0,0,0,0
754,0,92,197,68,58,25
752,0,240,234,189,126,62
745,0,83,61,40,21,80
746,0,146,236,80,69,99
748,0,338,120,349,187,0
749,0,418,197,390,101,99
750,0,104,128,92,92,81
753,0,154,214,103,176,151
755,0,0,0,0,0,0
756,0,68,121,54,33,0
757,0,187,115,83,71,0
2282,0,0,0,0,0,0
2283,0,0,0,0,0,0
2287,0,0,0,0,0,0
2329,0,0,0,0,0,0
2793,0,0,0,0,0,0
761,0,341,184,226,151,201
758,0,1057,437,389,176,401
759,0,263,81,125,101,101
760,0,499,270,338,201,201
762,0,1075,375,761,201,126
763,0,1450,387,1031,301,401
764,0,647,272,557,301,301
765,0,691,223,536,251,301
767,0,95,11,32,22,14
766,0,140,13,38,52,58
768,0,1287,511,769,0,0
776,0,135,98,205,201,0
770,0,169,202,135,101,201
769,0,407,139,342,201,101
771,0,357,362,358,251,176
772,0,1166,0,769,0,0
773,0,136,97,99,81,69
774,0,749,0,693,401,501
775,0,39,0,48,24,0
777,0,411,0,0,0,0
778,0,159,181,114,82,126
779,0,321,333,322,301,301
780,0,406,0,352,176,0
781,0,88,124,101,79,201
782,0,1209,0,1226,0,0
2267,0,1847,0,1125,0,0
2268,0,1898,0,0,0,0
2270,0,1779,0,0,401,301
2271,0,0,0,0,0,0
2272,0,0,0,0,0,0
2273,0,1778,0,0,0,0
2274,0,0,0,0,0,0
2275,0,0,0,0,0,0
2276,0,0,0,0,0,0
2326,0,0,0,0,0,0
3591,0,0,0,0,0,0
3598,0,0,0,0,0,0
3589,0,0,0,0,0,0
3604,0,0,0,0,0,0
3601,0,0,0,0,0,0
3600,0,0,0,0,0,0
3590,0,0,0,0,0,0
3597,0,0,0,0,0,0
3595,0,0,0,0,0,0
3623,0,0,0,0,0,0
3592,0,0,0,0,0,0
3594,0,0,0,0,0,0
3596,0,0,0,0,0,0
3602,0,0,0,0,0,0
3603,0,0,0,0,0,0
