Title,Updated_SV,11-11-2022,11-05-2022,10-29-2022,10-21-2022,10-15-2022,10-07-2022,10-01-2022,09-23-2022,09-16-2022,09-09-2022,09-03-2022,08-26-2022,08-19-2022,08-12-2022,08-06-2022,07-30-2022,07-23-2022,07-16-2022,07-09-2022,07-01-2022,06-24-2022,06-18-2022,10-06-2022,06-04-2022,05-27-2022,05-21-2022,05-13-2022,05-09-2022,05-02-2022,04-22-2022,04-16-2022,04-11-2022,04-02-2022,25-Mar-2022,19-03-2022,11-03-2022,05-03-2022,25-Feb-2022,19-02-2022,11-02-2022,05-02-2022,29-Jan-2022,21-01-2022,15-01-2022,07-01-2022,30-12-2021,27-Dec-2021,12-18-2021,10-12-2021,04-12-2021,26-11-2021,20-11-2021,12-11-2021,30-10-2021,22-10-2021,16-10-2021,08-10-2021,01-10-2021,24-09-2021,18-09-2021,10-09-2021,04-09-2021,27-08-2021,21-08-2021,13-08-2021,07-08-2021,31-07-2021,23-07-2021,17-07-2021,09-07-2021,02-07-2021,25-06-2021,19/6/21,6/11/21,5/6/21,29-05-2021,21-05-2021,15-05-2021,07-05-2021,01-05-2021,23-04-2021,17-04-2021,09-04-2021,26-03-2021,22/03/2021,20/3/2021,12-03-2021,06-03-2021,26-02-2021,20-02-2021,12/2/2021,6/2/2021,Ranking
Digital Marketing Courses,110000,33,35,21,15,22,36,32,,17,20,17,27,30,16,16,22,25,35,25,23,32,23,18,35,45,45,100,46,46,44,51,47,49,44,51,56,60,50,27,35,42,42,27,35,33,39,45,43,39,42,,41,39,32,48,48,52,40,47,50,52,34,30,27,100,40,46,38,22,32,22,27,28,27,28,35,34,35,38,42,43,47,100,100,100,100,100,100,100,100,100,100,100
Data Science Courses,90500,8,10,10,10,8,7,9,6,7,9,10,10,10,14,15,27,32,24,9,10,10,9,13,15,27,19,17,41,35,17,13,15,34,33,32,34,38,43,41,27,32,38,27,29,31,23,25,30,27,26,27,31,33,16,12,14,29,42,42,36,27,34,50,49,55,41,61,37,35,25,38,35,31,21,23,28,29,25,35,36,100,45,35,100,100,100,100,100,100,100,100,100,100
Fashion Designing Courses,74000,2,3,3,3,4,2,2,2,5,4,4,5,5,5,5,3,4,6,3,3,3,3,3,3,3,3,3,2,3,3,3,7,2,3,3,3,3,1,2,1,3,3,3,3,2,4,5,3,3,3,3,3,2,2,2,3,3,2,4,4,2,4,3,2,4,4,4,5,7,100,9,100,100,100,100,100,100,100,100,100,100,100,100,100,100,100,100,100,100,100,100,100,100
Paramedical Courses,60500,6,5,5,3,5,6,7,5,4,8,6,6,6,7,4,4,2,4,100,100,100,5,6,5,3/100,5/100,5,5,4,3,2,3,3,3,3,3,3,3,3,3,3,4,4,4,6,6,6,4,100,7,,100,100,100,3,6,100,4,6,6,5,5,100,4,4,5,4,4,4,4,2,2,4,3,3,4,4,4,4,5,4,4,4,3,4,4,3,5,4,3,5,5,4
Computer Courses,60500,1,1,1,1,1,1,1,1,1,1,1,1,1,1,1,1,1,1,1,1,1,1,1,1,1,1,1,1,1,1,1,1,2,1,1,2,2,1,2,1,1,1,1,2,2,1,1,2,1,1,1,1,1,1,1,1,1,1,1,1,1,1,1,1,1,1,1,1,1,1,1,1,1,1,3,10,16,15,21,100,100,100,100,100,100,100,100,100,100,100,100,100,100
Hotel Management Courses,60500,1,1,1,1,1,1,1,1,1,1,1,1,1,1,1,1,1,1,1,1,1,1,1,1,1,1,1,1,1,1,1,1,1,1,1,1,1,1,1,1,1,1,1,1,1,1,1,1,1,1,1,1,1,1,1,1,1,1,1,1,1,1,1,1,1,1,1,1,1,1,1,1,1,1,1,1,1,1,1,1,1,1,1,1,1,1,1,1,1,1,1,1,1
Graphic Design Courses,60500,28,26,49,34,28,29,24,27,27,28,26,17,36,29,21,39,24,23,25,34,22,33,31,27,41,30,30,50,42,38,29,34,54,22,31,30,45,,13,17,20,34,34,29,23,23,100,31,31,20,25,28,22,29,25,23,25,31,23,23,23,32,34,29,24,25,21,38,30,23,31,28,33,100,100,100,100,100,100,100,100,100,100,100,100,100,100,100,100,100,100,100,100
Interior Designing Courses,49500,2,3,2,2,3,2,2,3,2,3,3,3,5,5,5,11,11,10,3,3,3,2,2,2,1,1,1,1,1,1,1,1,1,1,1,1,1,2,1,3,2,5,5,3,2,8,4,4,4,5,10,10,10,100,100,100,100,100,16,100,100,100,100,100,100,100,100,100,100,100,100,100,100,100,100,100,100,100,100,100,100,100,100,100,100,100,100,100,100,100,100,100,100
Data Analytics Courses,49500,44,44,40,34,36,36,40,39,35,39,36,36,41,36,32,36,35,37,30,34,34,45,37,40,37,38,44,48,71,62,76,81,54,70,52,43,43,32,13,26,25,30,42,35,24,24,27,42,40,34,33,29,54,38,48,46,28,52,49,27,59,40,45,45,27,28,46,51,34,34,21,28,18,37,36,30,33,37,34,30,41,33,38,100,78,74,100,100,100,100,100,100,100
Nursing Courses,40500,6,4,4,4,5,4,3,4,5,5,4,4,4,4,5,6,5,5,4,4,4,3,4,4,3,3,5,4,4,4,4,4,4,4,4,4,4,"5,2",2,4,4/1,3,4,1,1,1,"1,3",1,2,2,4,"1,4",1,"1,4",1,1,1,1,1,1,1,1,1,1,1,1,1,1,2,1+ Snippet,3,3,4,4,4,5,6,10,9,100,100,100,100,100,100,100,100,100,100,100,100,100,100
PMP Certification,40500,31,19,17,16,23,29,29,23,23,24,24,15,15,31,29,31,36,34,25,27,32,35,29,29,22,28,23,15,17,20,20,35,25,23,17,20,19,30,19,20,17,19,17,22,24,26,27,31,31,29,24,27,31,21,27,35,30,30,27,28,29,28,31,28,30,28,31,28,27,28,100,27,100,33,28,31,30,30,32,30,30,45,54,49,100,100,100,100,78,74,100,100,100
Cyber Security Courses,40500,13,11,9,9,11,11,6,11,11,11,13,12,12,13,14,12,12,12,100,13,14,14,13,100,22,17,41,51,51,51,41,59,74,81,100,83,80,55,55,24,22,33,35,38,41,46,100,43,100,100,48,23,27,33,38,53,46,61,45,28,29,19,21,18,19,61,63,70,100,100,100,100,100,100,100,100,100,100,100,100,100,100,100,100,100,100,100,100,100,100,100,100,100
Tally Courses,40500,8,4,7,8,6,6,7,7,5,6,6,6,6,6,6,3,5,5,3,3,5,5,4,6,4,3,6,5,6,7,7,9,7,7,7,10,7,8,8,9,12,7,100,12,9,8,13,12,100,11,8,100,,,,,,,,,,,,,,,,,,,,,,,,,,,,,,,,,,,,,,,,,
Web Designing Courses,33100,6,11,11,10,9,10,15,10,11,12,12,12,12,6,8,9,11,7,10,12,10,16,18,12,12,15,12,21,24,16,17,17,26,24,24,23,-,24,10,16,,14,14,12,18,17,20,25,19,23,20,17,24,15,27,26,21,25,17,15,12,16,24,24,18,19,21,22,16,14,24,100,100,100,100,100,100,100,100,100,100,100,100,100,100,100,100,100,100,100,100,100,100
Business Analytics Courses,33100,36,40,36,33,33,25,38,24,24,27,27,28,47,46,42,51,44,48,39,35,35,40,45,41,43,43,54,80,55,60,55,62,63,61,68,68,56,68,52,52,42,62,55,36,27,27,41,41,43,45,46,45,56,52,51,45,46,53,41,41,38,41,14,17,29,17,14,17,16,15,10,8,9,8,8,9,21,12,15,18,30,100,29,34,35,,30,49,42,40,100,100,100
Artificial Intelligence Courses,27100,11,11,8,12,12,7,7,8,10,10,9,10,10,11,10,15,16,14,11,10,10,10,10,9,10,10,11,11,13,16,16,18,19,20,14,14,17,18,16,14,14,11,10,11,10,10,9,21,33,22,43,37,48,13,29,33,32,37,39,41,30,34,52,38,33,25,46,100,100,100,34,29,100,100,100,38,31,36,35,35,43,38,40,100,100,100,100,100,100,100,100,100,100
Ethical Hacking Courses,27100,19,12,14,14,11,11,9,8,10,13,8,9,12,11,11,12,12,11,9,11,12,13,15,21,20,11,19,38,37,29,15,35,22,32,33,31,31,31,38,16,15,16,17,23,20,20,16,12,19,17,19,13,13,7,6,9,19,13,13,13,10,10,6,5,5,9,8,7,5,5,11,9,10,9,18,12,25,20,21,20,52,34,31,36,37,37,31,35,48,21,24,31,27
Physiotherapy Courses,27100,1,1,1,1,1,1,1,1,1,1,1,1,1,1,2,2,2,2,2,2,2,2,2,1,1,1,1,1,1,1,1,1,1,1,1,1,1,1,2,2,1,4,1,2,4,4,2,4,4,2,2,2,2,1,2,1,1,1,1,1,1,2,2,3,2,3,2,2,1,4,5,6,4,5,100,100,100,100,100,100,100,100,100,100,100,,100,100,100,100,100,100,100
Psychology Courses,22200,12,12,14,11,12,10,7,7,8,7,6,8,9,8,8,11,10,10,8,8,8,8,5,1,5,5,6,8,8,8,8,9,8,8,8,8,7,7,7,7,7,5,5,5,5,5,6,6,9,12,9,10,15,9,5,8,6,6,6,8,8,7,6,7,7,5,7,7,6,5,6,5,6,6,5,6,6,12,10,12,15,100,14,100,100,,100,100,100,100,100,100,100
Animation Courses,22200,7,7,7,6,8,10,7,7,10,6,7,12,9,9,11,11,17,11,8,10,12,11,13,8,6,6,7,11,10,8,7,11,6,8,9,12,13,12,8,100,100,100,8,6,6,6,9,8,5,10,8,5,10,5,100,12,12,5,5,4,3,12,4,4,9,6,7,100,100,100,8,7,8,7,100,100,100,100,100,100,100,100,100,100,100,100,100,100,100,100,100,100,100
Engineering Courses,22200,100,100,100,100,100,100,100,100,100,100,100,100,100,100,100,3,4,5,4,4,100,3,4,5,2,2,100,100,100,100,4,4,6,100,100,100,100,100,100,100,100,100,100,100,100,100,100,100,100,100,100,100,100,100,100,100,100,100,100,100,100,100,100,100,100,100,5,100,6,6,6,100,6,100,100,100,100,100,100,100,100,100,100,100,100,,100,100,100,100,100,100,5
Web Development Courses,22200,100,100,34,43,32,27,29,27,35,59,100,100,100,24,24,32,36,31,24,24,32,32,30,34,29,29,100,100,30,24,48,45,38,38,35,36,42,100,35,29,29,30,21,28,33,33,22,26,24,100,26,27,24,29,24,21,33,33,33,35,24,34,32,30,30,35,41,100,100,100,50,100,100,100,42,51,100,100,54,100,100,100,100,100,100,,100,100,100,100,100,100,100
Python Courses,22200,45,44,34,36,41,33,35,35,41,41,41,41,52,40,42,41,40,40,50,55,41,48,45,43,43,43,46,100,39,38,42,48,45,56,44,46,42,48,39,21,22,29,26,32,30,30,36,34,32,30,30,26,33,32,37,34,40,46,46,41,46,31,25,32,31,35,31,31,24,34,61,22,23,27,23,34,41,30,49,44,52,100,47,42,39,,25,39,36,60,75,94,95
Event Management Courses,18100,5,5,3,5,4,5,4,4,4,4,4,7,6,4,5,7,7,8,6,4,4,3,4,2,2,2,3,3,3,2,2,3,1,2,2,2,2,3,3,4,4,2,4,3,3,3,3,3,3,4,3,3,3,3,3,3,4,3,2,3,1,1,2,1,1,3,3,1,3,4,5,5,4,4,4,5,4,7,6,8,9,9,7,100,6,100,100,100,100,100,100,100,100
Pharmacy Courses,18100,5,5,6,,6,4,5,4,6,8,5,5,5,5,5,7,4,3,4,3,3,3,3,3,2,2,3,3,4,4,3,3,3,3,3,3,3,3,3,2,3,2,2,3,2,2,6,4,4,5,5,5,4,6,4,5,4,4,4,5,4,3,4,5,5,4,4,5,4,5,4,3,3,4,4,3,5,4,3,4,3,5,4,4,4,,4,4,4,4,4,4,4
Photography Courses,18100,28,42,42,44,36,100,32,32,33,33,19,28,31,18,27,28,25,25,14,26,27,19,17,13,11,11,14,20,16,15,14,19,15,18,12,16,12,19,10,34,34,37,26,25,31,31,27,24,21,29,20,22,20,18,17,17,17,18,19,18,13,21,19,22,24,19,17,27,23,28,18,28,23,33,35,100,100,100,100,100,100,100,100,100,100,100,100,100,100,100,100,100,100
Aviation Courses,18100,1,1,1,1,1,1,5,1,1,1,1,1,1,1,1,2,1,1,1,1,1,1,1,1,1,1,2,1,1,1,1,1,2,1,1,1,1,Snippet,1,1,2,2,2,1,1,1,2,1,1+ Snippet,1,1,"Snippet, 1",1,"Snippet, 1",1,1 S,1,1,1,1,1,1,2,2,2,2,2,2,2,2,3,3,4,3,4,4,4,4,4,4,4,8,4,5,5,,3,4,5,4,5,4,4
Beautician Courses,18100,1,1,1,1,1,1,1,1,1,1,1,1,1,1,1,1,2,3,2,2,2,2,3,2,1,1,2,3,1,3,1,4,4,1,1,1,1,1,1,1,1,4,1,1,3,3,6,4,3,1,4,1,3,1,4,1,5,2,3,2,3,2,3,2,2,4,2,2,1,1,1,1,1,1,1,2,1,1,2,2,1,4,1,1,2,,3,2,4,5,6,7,8
Stock Market Courses,18100,100,48,41,42,44,37,37,42,39,39,39,33,35,31,35,36,38,40,100,100,100,100,48,100,100,100,100,100,100,100,100,100,48,36,100,30,29,37,36,31,32,28,100,29,30,30,100,30,31,100,31,100,,,,,,,,,,,,,,,,,,,,,,,,,,,,,,,,,,,,,,,,,
Air Hostess Courses,18100,1,1,1,2,3,2,2,2,2,3,3,3,4,3,3,3,3,4,3,3,3,3,3,3,3,3,3,2,2,1,2,2,1,2,2,2,2,2,1,2,3,1,2,1,1,1,1,1,1,1,1,2,,,,,,,,,,,,,,,,,,,,,,,,,,,,,,,,,,,,,,,,,
Vocational Courses,14800,1,1,1,1,1,1,2,2,2,2,2,2,2,2,2,3,2,1,2,1,1,1,2,1,1,1,"2,3","2,3",2,2,2,"1,2",3,"1,2","1,2","1,2","1,2","2,3",2,2,3,3,3,3,1,1,4,1,2,"1,3",1,"1,3",2,"1, 100",1,1,1+snippet,1+snippet,2,1,2,1,2,1,1,Snippet,2,1,1,1,2,2,3,3,1,2,1,2,2,2,1,1,1,1,1,,2,2,2,1,2,1,2
Banking Courses,14800,4,4,3,3,5,3,3,3,3,3,5,4,3,2,3,2,2,2,3,2,3,3,2,3,2,2,2,2,2,2,2,2,2,2,2,2,2,2,1,3,4,2,2,2,2,2,2,2,2,2,2,3,2,2,2,2,2,2,3,5,5,6,5,5,5,4,4,5,5,5,6,4,5,5,3,2,3,3,9,7,14, ,100,100,100,,100,100,100,100,100,100,100
Biotechnology Courses,14800,2,2,3,3,2,2,2,2,3,Snippet,Snippet,Snippet,3,3,Snippet,2,3,Snippet,Snippet,Snippet,Snippet,Snippet,Snippet,Snippet,5,5,5,6,6,12,12,10,10,8,11,15,15,100,9,100,100,100,100,100,100,100,100,13,100,100,100,100,100,100,100,100,100,100,100,100,100,100,100,100,100,100,100,100,100,100,100,100,100,100,100,100,100,100,100,100,100,100,100,100,100,,100,100,100,100,100,100,100
Software Engineering Courses,14800,4,4,5,4,5,6,6,,1,3,5,3,4,2,3,3,3,2,1,2,2,2,1,Snippet,Snippet,Snippet,Snippet,2,3,Snippet,5,6,4,4,3,3,4,2,2,2,2,3,4,6,6,6,5,6,6,9,6,8,8,8,5,8,5,5,5,8,6,7,8,8,8,6,6,6,6,7,9,6,7,14,18,100,25,20,12,13,15,100,100,100,100,,100,100,100,100,100,100,100
Radiology Courses,14800,2,2,3,3,2,2,2,2,2,2,2,2,2,3,3,3,4,3,3,3,3,5,5,5,4,4,4,4,2,2,2,3,3,2,2,2,2,2,2,2,3,2,3,2,3,2,2,2,3,3,3,3,Snippet,Snippet,3,1 S,2,2,3,1+Snippet,3,1+Snippet,1+Snippet,1+Snippet,2,4,4,3,3,4,5,4,4,5,4,4,7,5,100,100,100,100,100,100,100,,100,100,100,100,100,100,100
IT Courses,14800,4,4,6,4,6,4,4,4,5,4,4,4,4,3,3,2,3,1,2,3,3,2,3,4,3,3,4,4,7,3,4,4,3,3,3,3,3,3,2,2,3,2,3,2,3,3,3,2,3,2,2,2,2,"2,4",2,2,2,2,2,2,2,2,1,1,2,1,2,6,10,100,100,100,100,100,16,12,100,100,100,100,100,100,100,100,100,,100,100,100,100,100,100,100
Cloud Computing Courses,14800,36,34,35,31,28,30,30,43,43,35,27,27,28,27,28,33,41,51,40,43,46,44,43,50,48,54,51,59,48,47,49,56,53,55,54,49,54,55,38,34,45,33,42,33,36,29,41,39,46,35,35,36,34,34,29,37,48,48,51,51,23,28,31,31,19,22,12,33,33,100,40,34,36,31,20,20,22,25,28,28,28,100,23,27,100,,100,100,100,100,100,100,100
Software Testing Courses,14800,39,22,30,26,27,27,39,100,100,100,100,100,100,100,100,100,100,100,100,100,100,100,80,100,100,100,100,100,100,100,100,100,100,100,100,100,100,100,88,100,100,100,100,100,100,100,100,100,100,83,83,100,100,100,100,100,100,100,100,100,100,100,100,100,100,100,100,100,100,100,100,100,100,100,100,100,100,100,100,100,100,100,100,100,100,,100,100,100,100,100,100,100
Machine Learning Courses,12100,44,49,45,45,45,45,45,45,43,45,40,46,43,44,41,51,51,87,40,45,43,44,45,40,39,39,82,100,100,100,100,100,100,100,100,100,100,100,43,66,,64,53,80,,62,95,44,91,77,42,40,47,41,41,42,41,38,44,65,61,59,46,58,55,38,54,56,39,39,39,43,32,36,40,37,55,47,55,56,68,100,83,100,100,,100,100,100,100,100,100,100
CCC Course,12100,3,3,3,3,4,4,3,4,5,3,3,3,3,3,3,7,6,3,2,2,2,3,3,3,3,4,3,5,4,3,3,5,5,3,3,4,3,3,5,4,4,3,3,4,4,4,4,3,4,3,4,3,3,3,4,2,3,5,4,5,2,1+Snippet,4,1+Snippet,1+Snippet,4,3,1+Snippet,1+Snippet,1+Snippet,18,9,18,100,39,31,41,100,100,100,100,100,100,100,100,,100,100,100,100,100,100,100
Commerce Courses,12100,6,6,5,5,5,5,5,8,6,8,8,8,6,4,6,4,5,3,3,3,5,3,5,"3,4",3,3,"3,4","3,6","3,7","3,7","3,7","3,7","6,10","5,9","5,10","4,10","4,10","6,5",6,5,5,5,5,5,5,5,6,2,5,6,4,"4,6",3,"3,8",15,12,13,12,6,6,5,4,4,3,3,3,3,4,4,4,3,4,4,4,3,5,4,5,3,3,3,7,3,4,4,,5,5,5,5,5,4,5
Journalism Courses,12100,2,1,1,1,1,2,2,1,1,1,2,1,2,1,2,1,1,1,1,2,2,3,2,2,1,1,2,1,2,3,3,5,7,7,7,6,7,4,4,4,5,5,6,4,4,4,5,4,6,5,5,8,12,9,7,7,9,9,9,9,9,9,13,14,100,12,100,100,100,100,100,100,100,100,100,100,100,100,100,100,100,100,100,100,100,,100,100,100,100,100,100,100
Designing Courses,12100,12,10,11,11,14,12,12,10,14,10,9,10,11,10,9,9,12,9,5,5,7,7,7,5,5,5,5,7,6,7,7,7,6,5,7,5,5,6,4,7,4,5,5,3,3,3,3,3,3,3,6,3,4,4,3,4,5,4,3,-,-,-,-,-,-,-,-,-,-,-,-,-,-,-,-,-,-,-,-,-,-,-,--,-,,-,,,,,,,
Mobile Repairing Courses,12100,2,2,3,3,3,5,5,4,4,3,1,3,3,3,3,4,5,5,3,3,3,7,5,3,5,5,4,5,4,4,4,8,6,6,4,4,4,4,2,7,2,2,2,4,5,5,5,6,6,5,7,7,5,7,5,5,4,5,4,5,5,100,100,5,6,6,6,100,6,6,5,4,4,4,1,4,2,4,6,5,4,5,5,2,2,,5,3,2,4,4,1,3
Project Management Courses,12100,13,13,11,18,13,11,11,16,11,11,13,14,9,10,9,13,11,15,10,10,10,12,5,11,12,11,11,14,14,15,15,18,15,14,14,18,29,14,43,14,11,12,12,20,23,23,20,23,24,26,29,29,37,39,36,32,100,,42,44,100,100,100,37,100,100,100,100,41,38,100,40,42,35,29,100,26,37,30,36,24,100,28,100,100,,23,29,29,28,100,100,100
Autocad Courses,12100,6,4,4,4,4,5,5,3,4,4,4,4,3,7,6,4,5,5,2,2,4,6,5,5,3,5,6,31,19,17,16,17,16,15,12,12,12,10,7,9,6,12,16,12,13,17,17,5,11,6,6,7,7,7,11,7,6,11,5,4,7,7,7,7,7,7,7,10,8,11,6,6,6,7,9,8,29,19,6,15,18,100,20,22,22,,100,100,100,100,24,100,100
Investment Banking Courses,12100,5,5,2,3,3,Snippet,Snippet,Snippet,2,1,Snippet,1,1S,1S,1,1,1,1,1,1,Snippet,1,1,1,1,1,3,1,1,1,Snippet,2,2,Snippet,Snippet,3,2,2,3,3,3,1,Snippet,4,4,8,13,13,13,11,11,11,,,,,,,,,,,,,,,,,,,,,,,,,,,,,,,,,,,,,,,,,
Computer Science Courses,12100,3,4,3,2,3,3,2,2,2,3,3,3,3,4,3,3,3,3,2,3,3,2,2,3,3,3,2,2,3,2,2,2,2,2,2,3,2,2,2,2,2,2,2,2,2,3,6,7,24,10,10,14,100,100,100,100,100,100,100,100,100,100,100,100,100,100,100,100,100,100,100,100,100,100,100,100,100,100,100,100,100,100,100,100,100,,100,100,100,100,100,100,100
Product Management Courses,12100,36,39,39,39,38,34,33,35,28,28,28,36,36,35,33,17,18,19,23,34,42,44,43,45,45,45,45,54,51,51,47,48,51,54,47,42,54,57,52,41,34,75,76,76,87,87,85,88,61,70,70,100,100,100,56,100,100,100,100,100,100,100,100,100,100,100,100,100,100,100,100,100,100,100,100,100,100,100,100,100,100,100,100,100,100,,100,100,100,100,100,100,100
CCNA Course,12100,21,21,18,15,13,13,11,10,10,12,9,24,18,20,18,11,19,15,21,14,26,15,26,24,21,21,12,37,39,49,46,55,55,53,43,28,-,27,37,33,31,29,29,29,35,35,22,24,37,19,19,19,,,,,,,,,,,,,,,,,,,,,,,,,,,,,,,,,,,,,,,,,
Medical Courses,9900,100,100,100,100,100,100,100,100,100,100,100,100,100,6,7,4,5,5,5,6,6,6,6,6,5,5,5,8,7,6,7,7,6,7,7,7,7,7,7,8,7,6,7,7,8,8,7,6,7,7,6,7,5,6,6,6,4,4,5,6,6,5,5,5,5,5,6,8,6,6,100,5,5,4,5,4,4,4,4,4,3,3,3,4,4,,4,4,4,4,4,4,5
Mass Communication Courses,9900,3,3,6,6,100,5,4,5,5,100,8,8,100,5,5,4,4,1,5,5,6,5,5,4,4,5,5,6,8,8,6,100,6,7,100,7,6,6,5,5,9,5,7,5,5,100,8,100,100,100,100,100,100,100,100,100,100,100,100,100,100,100,100,100,100,100,100,100,100,100,100,100,100,100,100,100,100,100,100,100,100,100,100,100,100,,100,100,100,100,100,100,100
Architecture Courses,9900,1,1,2,2,4,2,2,3,1,2,2,3,3,2,2,3,3,3,2,1,3,5,2,3,1,1,2,2,2,2,2,1,2,3,3,2,1,1,2,2,2,2,2,2,2,2,2,2,2,2,2,2,2,2,2,2,2,2,2,2,2,2,2,2,2,2,2,2,3,2,2,3,3,2,3,3,2,3,2,3,2,3,3,2,3,,2,2,2,2,2,2,3
Personality Development Courses,9900,9,12,14,13,10,10,11,9,7,8,8,8,10,8,8,13,10,11,7,9,10,15,10,9,12,12,10,13,13,11,12,16,14,11,13,13,14,12,8,18,15,14,14,14,14,17,13,15,11,15,15,19,16,16,17,12,17,17,16,18,12,20,17,17,18,15,14,13,12,12,11,9,10,5,6,11,10,11,11,12,12,10,12,10,10,,12,15,12,16,17,20,19
Financial Modelling Courses,9900,14,42,40,38,38,32,35,22,22,25,19,17,27,14,15,16,16,17,12,22,17,23,14,14,12,10,10,13,13,13,22,29,26,14,13,10,16,18,11,12,13,11,13,13,16,16,2,14,15,17,17,14,14,14,19,25,25,25,26,24,15,21,26,26,26,26,33,28,30,39,37,20,26,12,10,53,16,14,30,37,14,100,32,51,100,,100,100,100,100,100,100,100
Java Courses,9900,9,9,10,8,7,5,4,6,6,6,11,10,22,21,21,28,29,27,26,26,26,40,29,25,24,22,22,39,15,14,17,18,16,12,15,20,22,16,16,13,14,11,12,12,11,11,10,11,10,14,14,19,20,20,17,17,17,17,17,12,13,17,19,19,22,15,13,29,40,47,100,100,100,100,100,100,100,24,20,27,100,100,100,100,100,,100,100,100,100,100,100,100
Video Editing Courses,9900,7,7,5,7,8,6,4,4,7,13,10,10,11,12,10,13,14,17,10,9,9,15,23,14,21,39,42,50,21,23,44,39,18,14,15,12,13,13,13,16,14,10,11,11,10,10,9,11,12,13,13,18,12,12,15,15,15,15,17,18,19,15,20,20,22,20,23,19,18,15,10,15,16,17,16,19,17,16,8,12,17,100,18,17,18,,30,19,20,24,28,22,100
Hospital Management Courses,9900,1,Snippet,Snippet,Snippet,1,3,3,1,1,1,1,1,1,1,1,1,1,1,1,1,1,3,3,1,3,1,1,1,1,1,1,1,2,1,2,1,2,2,2,3,2,2,3,3,4,4,3,4,4,10,10,6,,,,,,,,,,,,,,,,,,,,,,,,,,,,,,,,,,,,,,,,,
Devops Courses,9900,40,37,31,37,38,35,40,25,25,20,13,23,23,36,38,39,100,66,100,100,100,100,100,100,100,100,100,100,100,100,100,100,100,100,100,100,100,100,100,100,100,100,100,100,100,100,100,100,100,100,100,100,,,,,,,,,,,,,,,,,,,,,,,,,,,,,,,,,,,,,,,,,
Network Courses,8100,9,12,12,12,12,13,6,7,7,8,8,8,9,9,9,7,7,8,6,8,8,9,8,7,8,7,8,16,11,10,9,12,8,10,8,8,8,10,8,6,6,4,8,4,6,5,8,12,12,11,11,7,6,6,6,8,10,7,13,8,8,8,5,5,6,5,5,5,8,7,6,5,5,5,3,5,3,3,5,3,4,6,5,5,6,,5,9,7,10,12,22,26
Agriculture Courses,8100,2,1,1,1,1,Snippet,1,1,2,2,2,2,2,2,2,2,2,2,Snippet,1,1,1,1,1,2,2,2,2,2,2,2,1,2,2,2,2,2,2,2,2,2,2,2,2,2,2,2,2,2,2,2,2,2,2,2,2,2,2,2,2,2,2,2,2,2,2,2,2,2,2,2,4,4,3,4,3,3,3,3,2,2,2,2,2,2,,4,2,4,3,3,4,100
Art Courses,8100,3,3,3,2,3,2,2,2,2,3,2,3,2,3,2,3,2,2,2,2,3,3,3,3,2,2,2,2,4,2,2,3,2,3,3,3,3,3,3,3,2,2,3,3,3,3,3,2,3,3,3,2,2,2,2,2,2,2,2,4,3,3,5,5,5,3,4,5,3,3,2,2,2,4,2,6,6,5,4,5,4,10,12,5,5,,6,6,5,5,3,6,13
Accounting Courses,8100,7,7,7,7,4,5,5,5,5,5,6,6,6,4,6,6,5,5,3,3,3,3,3,4,2,2,3,Snippet,4,Snippet,4,4,Snippet,6,6,Snippet,6,Snippet,1,5,7,4,4,4,6,6,9,7,5,6,6,9,100,100,100,17,100,100,100,100,100,100,100,100,100,100,100,100,100,100,100,100,100,100,100,100,100,100,100,100,100,100,100,100,100,,100,100,100,100,100,100,100
German Language Courses,8100,43,35,44,40,34,36,25,25,25,25,26,47,34,30,37,41,37,38,100,36,44,100,100,100,46,46,100,60,56,48,56,100,100,57,100,100,50,100,48,46,51,47,47,47,54,54,100,52,41,100,100,100,100,100,100,100,100,100,58,100,100,48,54,54,56,44,45,53,51,71,52,100,100,100,100,100,100,100,100,100,39,100,100,100,100,,100,100,100,100,100,100,100
Law Courses,8100,3,2,3,3,3,4,4,4,4,4,4,4,4,3,3,2,4,2,3,3,4,4,4,4,4,4,4,4,4,4,4,4,3,3,4,5,4,5,4,2,2,4,4,4,5,5,4,6,3,3,3,7,Snippet,Snippet,3,1 S,5,5,4,3,4,5,1+Snippet,1+Snippet,3,4,4,1+Snippet,3,3,3,2,3,3,3,3,4,3,2,3,2,2,7,2,2,,2,2,2,2,2,2,3
Microbiology Courses,8100,100,100,5,7,8,9,7,8,9,7,7,7,7,7,8,5,5,6,6,8,8,9,6,8,8,100,100,100,100,100,100,100,100,100,100,100,100,100,6,100,100,100,100,100,100,100,100,100,100,100,100,100,100,100,100,100,100,100,100,100,100,100,100,100,100,100,100,100,100,100,100,100,100,100,100,100,100,100,100,100,100,100,100,100,100,,100,100,100,100,100,100,100
Cooking Courses,8100,5,10,8,10,11,7,7,5,5,5,5,5,7,5,4,5,6,8,4,4,4,8,4,4,3,3,5,5,3,3,3,3,2,2,4,4,5,4,4,13,12,13,14,15,25,25,28,29,29,28,28,34,,,,,,,,,,,,,,,,,,,,,,,,,,,,,,,,,,,,,,,,,
Supply Chain Management Courses,8100,26,26,22,28,19,19,20,8,12,12,9,8,8,9,11,15,11,11,10,11,8,13,13,8,10,10,18,10,14,13,29,100,100,100,100,100,100,27,27,47,41,100,100,100,100,100,100,100,100,100,100,100,100,100,100,100,100,100,100,100,100,100,100,100,100,100,100,100,100,100,100,100,100,100,100,100,100,100,100,100,100,100,100,100,100,,100,100,100,100,100,100,100
Forensic Science Courses,8100,100,100,100,100,100,100,100,100,100,100,100,100,100,100,6,6,7,8,100,100,100,100,100,100,100,,13,12,12,12,14,7,7,7,7,9,7,11,10,11,6,6,7,6,8,8,8,8,9,12,12,100,11,11,18,16,16,16,10,7,7,5,5,5,6,7,9,6,100,100,100,100,100,100,100,100,100,100,100,100,100,100,100,100,100,,100,100,100,100,100,100,100
Spoken English Courses,6600,21,28,26,29,22,24,11,13,13,14,14,18,19,20,24,20,20,17,10,15,20,30,30,22,43,43,30,54,17,16,22,16,25,17,25,16,16,16,10,16,9,14,14,14,17,17,14,26,14,14,14,12,12,12,15,19,24,24,28,20,45,63,57,60,100,100,100,100,100,100,100,100,100,100,24,100,100,32,20,100,100,100,100,100,100,,100,100,100,100,100,100,100
Jewellery Design Courses,6600,4,4,3,4,4,5,2,2,3,2,2,3,2,2,2,4,5,4,2,3,2,6,3,2,3,3,2,2,2,2,3,5,3,3,4,4,4,3,3,7,5,4,7,7,4,4,5,5,4,4,4,5,4,4,6,4,11,11,8,5,4,6,17,17,18,17,100,100,100,100,100,100,100,15,100,17,14,13,100,100,12,100,12,12,12,,15,15,14,12,100,14,100
Business Management Courses,6600,6,6,6,5,7,5,4,5,4,4,4,4,4,4,4,4,4,6,1,2,5,2,3,5,2,3,4,6,5,7,7,7,5,52,24,7,24,31,40,27,17,26,27,27,100,100,17,14,34,100,100,48,100,100,100,100,100,100,100,100,100,20,14,14,100,100,100,100,100,100,100,100,100,100,100,100,100,100,100,100,100,100,100,100,100,,100,100,100,100,100,100,100
Teacher Training Course,6600,2,5,8,4,1,5,4,5,4,3,3,1,2,1,1,3,1,3,1,1,1,6,4,3,100,2,2,2,1,1,1,1,1,1,1,1,1,1,1,1,1,1,1,1,3,3,2,4,4,5,5,"4,5",2,"2,3",3,4,3,2,2,3,2,3,3,3,2,1,2,3,3,3,4,2,2,2,2,5,5,9,14,15,24,100,27,100,100,,100,100,100,100,100,100,100
English Courses,6600,40,29,35,26,19,34,34,17,17,17,11,17,20,16,15,14,14,19,13,12,13,19,20,25,13,13,34,48,21,48,63,51,51,44,52,45,47,47,47,23,33,26,27,31,44,44,42,100,100,100,100,51,44,44,56,59,64,64,69,64,72,77,70,70,100,66,72,76,79,100,98,100,100,100,100,100,100,100,100,100,100,100,100,100,100,,100,100,100,100,100,100,100
Optometry Courses,6600,100,100,100,100,100,100,100,100,100,100,100,100,100,100,100,100,100,100,100,100,100,100,100,100,100,100,100,100,100,100,100,100,100,100,100,100,100,2,2,100,100,100,100,100,100,100,100,100,100,100,100,100,100,100,100,100,100,100,100,100,100,100,100,100,100,100,100,100,100,100,100,100,100,100,100,100,100,100,100,100,100,100,100,100,100,,100,100,100,100,100,100,100
Cosmetology Courses,6600,1,1,1,1,1,1,1,1,1,1,1,1,1,1,1,1,1,1,1,1,1,1,1,1,1,1,1,1,1,1,1,1,1,1,1,1,1,1,1,1,1,1,1,1,1,1,1,1,1,1,1,1,1,1,1,1,1,1,1,1,1,1,1,1,1,1,1,1,1,1,1,1,1,3,3,3,2,6,8,100,100,8,100,100,100,,100,100,100,100,100,100,100
Excel Courses,6600,32,32,34,41,38,34,34,28,28,18,26,39,32,13,17,21,18,19,16,13,20,27,27,26,26,21,21,33,32,37,33,31,35,32,36,35,40,28,28,29,30,27,33,27,29,29,29,25,32,27,27,"36,29",30,"30,33",34,80,80,80,100,66,66,100,71,71,75,67,68,58,90,100,100,100,100,100,100,100,100,50,33,100,100,100,100,100,100,,100,100,100,100,100,100,100
SAP Fico Courses,6600,12,12,13,13,11,12,12,7,7,10,6,8,16,6,5,17,13,13,8,7,8,8,8,8,5,5,5,9,8,8,8,9,11,9,12,10,9,6,7,5,5,3,4,5,6,6,6,6,8,9,10,10,,,,,,,,,,,,,,,,,,,,,,,,,,,,,,,,,,,,,,,,,
Management Courses,5400,2,2,3,2,1,Snippet,Snippet,Snippet,2,3,1,2,2,2,2,1,2,1,2,2,2,2,1,4,1,1,3,3,2,2,2,2,2,2,2,2,2,2,2,2,2,2,2,2,2,2,2,1,1,2,2,2,1,1,1,1,1,1,1,1,1,1,1,1,1,1,1,1,1,1,1,1,1,1,1,1,1,1,1,1,1,1,1,1,1,,1,1,1,1,1,1,100
Fine Arts Courses,5400,4,9,13,11,11,6,6,6,6,6,6,6,7,5,4,10,9,8,3,5,6,7,5,4,3,3,4,5,4,5,4,6,6,4,4,4,4,4,5,5,5,2,3,3,3,3,3,4,3,5,5,6,8,8,100,100,100,100,100,100,100,12,11,11,11,100,100,100,100,100,100,100,100,100,100,100,100,100,100,100,100,100,100,100,100,,100,100,100,100,100,100,100
Skill Development Courses,5400,11,12,13,12,12,9,9,10,10,10,7,8,13,10,9,11,7,7,6,12,8,8,8,7,6,5,7,12,7,9,6,10,10,8,8,5,4,5,6,3,4,6,6,7,7,7,7,6,13,19,19,"17,27",15,"15,17",16,16,16,16,17,9,11,20,10,10,12,13,9,13,14,15,12,7,8,6,5,6,4,5,7,25,25,100,18,100,100,,100,100,100,100,100,100,100
Finance Courses,5400,21,12,13,11,18,8,8,9,21,11,12,17,17,12,12,15,15,14,12,11,16,12,12,23,23,20,16,22,20,22,28,31,31,38,50,38,38,55,33,100,100,100,100,100,25,25,25,100,100,50,50,100,100,100,100,100,100,100,37,36,36,37,100,100,100,100,100,100,100,100,100,100,100,100,100,100,100,100,100,100,100,100,100,100,100,,100,100,100,100,100,100,100
Civil Engineering Courses,5400,6,6,7,8,6,5,5,7,5,5,6,6,8,6,6,9,9,9,4,3,5,3,3,6,3,Snippet,Snippet,Snippet,Snippet,6,Snippet,8,8,10,9,8,8,11,8,10,100,9,11,9,6,6,6,8,8,10,7,10,11,11,12,12,12,12,12,9,9,13,14,14,11,8,8,11,11,16,7,4,4,100,6,7,100,100,18,100,100,100,100,100,100,,100,100,100,100,100,100,100
Social Media Marketing Courses,5400,12,12,42,36,40,20,20,19,33,,18,34,28,15,16,22,17,17,12,14,21,23,24,20,45,42,34,46,22,23,26,20,20,20,20,19,19,41,46,28,33,27,30,33,22,22,22,29,100,29,26,27,30,30,36,25,25,25,26,38,31,33,36,36,44,40,48,49,47,100,100,100,100,100,100,100,100,100,100,100,100,100,100,100,100,,100,100,100,100,100,100,100
VFX Courses,5400,8,10,8,100,100,7,7,8,14,11,8,7,10,7,7,13,11,11,11,16,12,13,18,11,15,12,21,25,24,20,17,28,28,28,100,100,100,19,18,100,100,100,100,100,100,100,100,100,100,100,100,100,,,,,,,,,,,,,,,,,,,,,,,,,,,,,,,,,,,,,,,,,
SQL Courses,5400,17,18,15,13,19,19,19,100,15,,,,,,,,,,,,,,,,,,,,,,,,,,,,,,,,,,,,,,,,,,,,,,,,,,,,,,,,,,,,,,,,,,,,,,,,,,,,,,,,,,,,
Naturopathy Courses,4400,2,2,7,7,3,5,4,3,3,3,3,3,3,3,3,4,4,7,8,4,3,4,4,2,3,3,2,2,2,2,2,2,3,2,2,2,5,3,3,4,4,3,4,3,3,3,3,4,5,7,7,6,6,6,3,3,3,3,4,4,4,11,5,5,8,8,12,7,5,4,6,2,4,3,3,3,100,100,100,100,100,100,100,100,100,,100,100,100,100,100,100,100
Agile Certification,4400,12,12,14,14,15,12,10,34,11,20,22,17,19,30,21,34,33,27,11,9,21,22,22,31,100,100,67,85,100,100,100,100,100,94,100,100,100,83,100,46,55,60,61,69,100,100,100,100,100,100,100,100,100,100,100,100,100,100,100,61,93,61,53,53,53,62,51,100,100,100,100,100,100,100,100,100,100,100,100,100,100,100,100,100,100,,100,100,100,100,100,100,100
Mechanical Engineering Courses,4400,100,100,100,100,100,100,100,100,100,100,100,100,100,100,100,22,23,24,100,100,100,100,100,100,100,100,100,100,100,100,100,100,100,100,100,100,100,100,15,100,100,100,100,100,100,100,100,100,100,100,100,100,100,100,100,100,100,100,100,100,100,100,100,100,100,100,100,100,100,100,100,100,100,100,100,100,100,100,100,100,100,100,100,100,100,,100,100,100,100,100,100,100
Android Development Courses,4400,25,19,15,15,12,12,12,11,11,11,8,20,20,17,13,21,23,20,13,19,19,23,20,20,22,19,19,34,13,14,11,15,13,11,13,11,11,33,9,6,7,7,9,9,20,20,20,21,21,13,25,17,12,12,23,25,25,25,23,17,17,23,14,14,14,19,15,25,21,32,14,22,22,33,28,32,35,30,16,32,35,100,100,100,100,,100,100,100,100,100,100,100
SEO Courses,4400,27,24,47,49,34,38,34,40,32,,11,31,37,36,29,41,39,40,30,35,28,37,40,31,33,48,40,52,47,52,43,39,39,35,26,28,28,29,33,29,36,30,31,26,17,17,17,30,30,19,19,27,17,17,24,23,23,23,25,15,15,26,19,19,21,23,24,34,35,36,31,33,39,46,37,40,33,25,28,35,40,100,100,100,100,,100,100,100,100,100,100,100
Oracle Certification,4400,19,29,19,17,11,17,17,17,17,15,10,10,12,13,10,9,9,11,10,10,11,11,11,12,12,13,13,28,15,14,16,13,13,13,17,18,18,13,13,10,9,10,11,13,17,17,17,27,23,26,19,14,11,11,14,14,14,14,18,13,16,15,15,15,10,15,16,19,14,14,16,11,12,15,13,14,17,7,14,100,100,100,14,25,100,,100,100,100,100,100,100,100
French Language Courses,4400,19,23,18,15,18,15,11,14,13,14,14,14,14,12,12,17,15,16,13,9,18,17,17,11,16,14,19,21,21,21,19,23,23,24,19,22,22,21,53,11,17,16,18,16,13,13,13,20,19,21,19,"20,21",24,"24,27",26,29,29,29,34,25,25,30,30,30,30,27,32,100,100,100,100,100,100,100,100,100,100,100,100,100,100,100,100,100,100,,100,100,100,100,100,100,100
Marketing Courses,4400,100,100,100,100,100,100,100,100,28,,24,24,31,14,35,20,25,27,19,100,100,100,100,35,40,40,43,51,49,39,39,51,51,100,100,100,100,100,40,100,100,100,100,100,40,40,40,100,100,100,100,100,100,100,100,100,100,100,100,42,42,100,100,100,100,100,100,100,100,100,100,100,100,100,100,100,100,100,100,100,100,100,100,100,100,,100,100,100,100,100,100,100
Criminology Courses,4400,3,3,2,Snippet,Snippet,2,2,2,2,2,2,2,2,2,2,2,2,2,2,2,2,2,2,2,2,2,2,2,3,3,8,6,6,6,7,6,6,5,4,5,6,4,5,4,4,4,4,4,6,6,6,6,6,6,6,5,5,5,4,6,6,5,6,6,7,9,9,14,11,6,8,100,5,6,100,100,100,100,100,100,100,100,100,100,100,,100,100,100,100,100,100,100
Game Development Courses,4400,9,9,9,10,7,8,7,10,7,7,8,10,6,9,8,9,10,7,7,8,10,9,11,10,9,13,12,14,30,18,14,13,13,18,15,13,13,10,13,11,11,8,9,10,14,14,10,9,10,11,16,11,16,16,22,28,28,28,27,27,22,29,22,22,29,30,36,34,32,40,37,37,39,50,48,100,47,63,42,100,100,100,100,100,100,,100,100,100,100,100,100,100
Public Speaking Courses,4400,33,33,37,36,38,35,37,35,35,29,23,28,36,24,26,35,27,29,20,24,24,37,38,27,34,32,25,40,47,42,49,41,43,41,43,45,45,52,50,26,50,27,28,31,39,39,34,32,27,27,28,28,,,,,,,,,,,,,,,,,,,,,,,,,,,,,,,,,,,,,,,,,
Clinical Research Courses,4400,100,9,12,7,7,7,6,6,6,5,5,8,5,5,8,13,14,13,6,12,100,11,11,100,100,100,100,100,100,13,12,11,11,13,13,100,100,100,14,100,100,100,100,100,100,100,100,100,100,100,100,100,,,,,,,,,,,,,,,,,,,,,,,,,,,,,,,,,,,,,,,,,
Airport Management Courses,4400,1,1,1,1,1,1,1,1,1,1,1,1,1,1,1,1,1,1,1,1,1,1,1,1,1,1,1,2,1,1,2,2,1,1,1,1,1,1,2,1,1,2,3,7,100,100,100,100,100,100,100,100,,,,,,,,,,,,,,,,,,,,,,,,,,,,,,,,,,,,,,,,,
Food Technology Courses,4400,100,4,4,4,4,7,10,10,7,4,8,100,100,8,8,5,7,6,100,3,7,11,6,8,100,100,4,6,7,7,6,5,7,6,6,100,7,6,7,100,100,4,5,100,100,100,100,100,5,5,4,5,8,8,100,100,100,100,100,100,100,100,100,100,100,100,100,100,100,100,100,100,100,100,100,100,100,100,100,100,100,100,100,100,100,,100,100,100,100,100,100,100
Bioinformatics Courses,4400,9,10,11,7,6,7,6,7,7,,,,,,,,,,,,,,,,,,,,,,,,,,,,,,,,,,,,,,,,,,,,,,,,,,,,,,,,,,,,,,,,,,,,,,,,,,,,,,,,,,,,
Google Analytics Courses,4400,21,21,20,20,24,11,11,10,15,,,,,,,,,,,,,,,,,,,,,,,,,,,,,,,,,,,,,,,,,,,,,,,,,,,,,,,,,,,,,,,,,,,,,,,,,,,,,,,,,,,,
Tableau Courses,4400,16,23,24,20,22,20,27,16,20,,,,,,,,,,,,,,,,,,,,,,,,,,,,,,,,,,,,,,,,,,,,,,,,,,,,,,,,,,,,,,,,,,,,,,,,,,,,,,,,,,,,
Data Engineering Courses,4400,26,29,26,30,29,29,30,23,28,,,,,,,,,,,,,,,,,,,,,,,,,,,,,,,,,,,,,,,,,,,,,,,,,,,,,,,,,,,,,,,,,,,,,,,,,,,,,,,,,,,,
Pathology Courses,3600,2,3,3,3,3,3,3,3,3,3,3,3,3,4,3,3,3,3,3,2,2,3,3,4,3,3,2,2,3,3,3,4,4,4,4,100,100,6,4,100,100,100,100,100,6,6,6,100,100,5,9,13,8,8,6,7,7,7,5,6,6,6,100,100,100,100,100,100,100,100,100,100,100,100,100,100,100,100,100,100,100,100,100,100,100,,100,100,100,100,100,100,100
Hospitality Management Courses,3600,2,2,2,3,2,2,2,2,2,2,2,2,2,2,2,2,2,2,2,2,2,3,3,3,3,3,2,3,3,3,3,2,6,3,3,3,3,3,1,2,1,2,3,2,100,100,100,100,100,100,100,100,100,100,100,100,100,100,100,100,100,100,100,100,100,100,100,100,100,100,100,100,100,100,100,100,100,100,100,100,100,100,100,100,100,,100,100,100,100,100,100,100
Dietitian Courses,3600,4,2,4,4,4,4,3,3,4,4,4,3,5,2,4,3,2,3,3,3,3,3,3,3,2,3,3,1,1,2,2,2,2,2,2,2,2,2,1,2,2,1,2,2,3,3,3,2,2,2,2,3,2,2,2,2,2,2,2,2,2,2,3,3,2,2,2,2,2,2,2,2,2,2,3,2,2,2,2,3,3,5,6,100,100,,100,100,100,100,100,100,100
Embedded Systems Courses,3600,13,15,12,13,16,12,12,10,10,10,10,14,16,13,16,21,23,22,15,15,13,19,16,14,16,16,13,20,19,17,22,21,34,21,21,32,29,26,17,17,21,22,23,29,12,10,10,24,22,100,100,100,22,22,100,100,100,100,27,21,21,26,29,29,27,17,17,19,22,23,22,16,20,25,22,25,25,12,10,20,21,100,23,17,100,,100,100,100,100,100,100,100
Entrepreneurship Courses,3600,26,26,27,24,29,24,22,24,24,,15,22,18,27,27,31,32,31,23,23,27,26,26,32,36,36,100,100,100,100,100,100,100,45,51,52,100,49,44,100,100,100,100,100,28,24,34,100,53,100,100,100,100,100,100,100,100,100,100,100,100,100,100,100,100,100,100,100,100,100,100,100,100,100,100,100,100,100,100,100,100,100,100,100,100,,100,100,100,100,100,100,100
Product Design Courses,3600,14,15,13,12,13,13,12,12,14,11,11,13,100,11,12,16,12,12,12,9,100,16,16,100,15,15,100,100,100,100,100,100,100,100,100,100,100,100,14,100,100,100,100,100,100,100,100,100,100,100,100,100,100,100,100,100,100,100,100,100,100,100,100,100,100,100,100,100,100,100,100,100,100,100,100,100,100,100,100,100,100,100,100,100,100,,100,100,100,100,100,100,100
Business Courses,3600,100,100,13,13,21,100,100,100,100,,,,,,,,,,,,,,,,,,,,,,,,,,,,,,,,,,,,,,,,,,,,,,,,,,,,,,,,,,,,,,,,,,,,,,,,,,,,,,,,,,,,
Linkedin Courses,3600,100,100,100,100,100,100,100,100,100,,,,,,,,,,,,,,,,,,,,,,,,,,,,,,,,,,,,,,,,,,,,,,,,,,,,,,,,,,,,,,,,,,,,,,,,,,,,,,,,,,,,
Communication Skills Courses,3600,18,24,26,15,19,24,13,13,13,,,,,,,,,,,,,,,,,,,,,,,,,,,,,,,,,,,,,,,,,,,,,,,,,,,,,,,,,,,,,,,,,,,,,,,,,,,,,,,,,,,,
Stock Trading Courses,3600,47,47,36,36,43,44,32,32,32,,,,,,,,,,,,,,,,,,,,,,,,,,,,,,,,,,,,,,,,,,,,,,,,,,,,,,,,,,,,,,,,,,,,,,,,,,,,,,,,,,,,
Humanities Courses,2900,6,5,6,7,7,6,5,5,5,5,6,4,4,4,4,4,4,3,4,2,2,2,2,3,2,3,4,5,3,4,9,7,7,9,9,11,11,11,10,4,7,3,4,6,5,5,5,5,8,9,9,9,9,9,46,46,46,46,49,27,38,48,31,31,100,100,100,100,100,100,100,100,100,100,100,100,100,100,100,100,100,100,53,100,100,,100,100,100,100,100,100,100
Robotics Courses,2900,8,13,10,9,9,8,7,7,7,7,8,8,9,8,9,11,10,9,9,7,10,10,10,10,20,20,9,11,22,17,16,19,19,17,15,14,19,25,22,13,20,12,13,16,8,10,10,12,17,14,16,14,14,14,25,25,25,25,10,9,11,23,14,14,14,11,12,14,13,15,13,15,16,25,16,17,39,16,16,18,38,100,47,100,100,,100,100,100,100,100,100,100
Big Data Courses,2900,18,14,13,13,13,10,10,14,17,10,16,18,12,9,8,9,27,27,15,23,23,27,23,26,21,21,25,53,16,24,20,36,26,27,19,20,19,21,41,26,23,27,29,24,23,17,17,25,29,28,29,"40,32",36,"36,48",62,62,62,62,57,53,52,61,100,100,100,100,100,100,100,100,100,100,100,100,100,100,100,100,100,100,100,100,100,100,100,,100,100,100,100,100,100,100
Yoga Courses,2900,100,100,100,100,100,100,100,100,100,100,100,100,100,15,16,14,7,8,14,100,100,100,100,100,16,16,100,100,100,100,100,100,100,100,100,100,100,100,11,100,100,100,100,100,100,100,100,100,100,100,100,100,100,100,100,100,100,100,100,100,100,100,100,100,100,100,100,100,100,100,100,100,100,100,100,100,100,100,100,100,100,100,100,100,100,,100,100,100,100,100,100,100
Modeling Courses,2900,2,3,3,3,2,2,2,3,4,4,4,4,6,4,3,4,3,3,3,3,6,3,3,4,3,3,3,3,Snippet,3,Snippet,1,1,1,1,1,Snippet,Snippet,1,1,1,1,Snippet,Snippet,1,1,1,1,1,1,1,1,1,1,1,1,1,1,1,1,1,1,1,1,1,1,1,1,1,1,1,1,1,1,1,1,1,1,1,1,1,1,1,1,100,,100,100,100,100,100,100,100
Film Making Courses,2900,3,3,1,1,1,1,2,2,2,2,2,2,2,1,1,2,1,1,Snippet,1,1,Snippet,Snippet,Snippet,1,1,Snippet,2,Snippet,1,Snippet,2,Snippet,Snippet,Snippet,Snippet,Snippet,Snippet,1,3,3,1,1,4,1,Snippet,Snippet,Snippet,3,3,1,3,3,3,2,2,2,2,2,1+Snippet,1+Snippet,1,3,3,2,2,2,5,7,4,5,4,8,8,8,7,8,4,4,5,10,4,9,15,13,,14,12,12,29,14,100,100
Game Design Courses,2900,8,11,15,15,13,10,11,9,9,9,6,10,8,11,8,12,14,12,8,10,12,12,12,11,11,11,10,15,12,14,12,13,13,13,14,19,17,17,44,16,16,13,14,15,22,22,23,20,26,31,30,34,28,28,37,28,28,28,21,16,16,31,15,15,26,18,27,23,24,27,35,33,22,39,27,18,20,11,8,12,10,100,14,32,100,,100,100,100,100,100,100,100
Textile Designing Courses,2900,3,3,7,6,5,5,4,4,4,5,5,8,5,5,5,7,7,7,5,4,4,5,5,5,5,5,7,7,8,7,8,8,6,11,9,10,11,9,10,100,100,10,100,100,100,100,100,100,100,100,100,100,100,100,100,100,100,100,100,100,100,100,100,100,100,100,100,100,100,100,100,100,100,100,100,100,100,100,100,100,100,100,100,100,100,,100,100,100,100,100,100,100
Dentistry Courses,2900,4,4,3,3,3,3,3,3,4,,,,,,,,,,,,,,,,,,,,,,,,,,,,,,,,,,,,,,,,,,,,,,,,,,,,,,,,,,,,,,,,,,,,,,,,,,,,,,,,,,,,
Human Resource Management Courses,2900,6,3,100,100,4,100,100,4,2,,,,,,,,,,,,,,,,,,,,,,,,,,,,,,,,,,,,,,,,,,,,,,,,,,,,,,,,,,,,,,,,,,,,,,,,,,,,,,,,,,,,
Library Science Courses,2900,6,100,6,6,7,10,100,5,6,,,,,,,,,,,,,,,,,,,,,,,,,,,,,,,,,,,,,,,,,,,,,,,,,,,,,,,,,,,,,,,,,,,,,,,,,,,,,,,,,,,,
Actuarial Science Courses,2900,3,3,4,3,3,3,3,3,3,,,,,,,,,,,,,,,,,,,,,,,,,,,,,,,,,,,,,,,,,,,,,,,,,,,,,,,,,,,,,,,,,,,,,,,,,,,,,,,,,,,,
Bartending Courses,2900,1,1,2,3,1,1,1,1,1,,,,,,,,,,,,,,,,,,,,,,,,,,,,,,,,,,,,,,,,,,,,,,,,,,,,,,,,,,,,,,,,,,,,,,,,,,,,,,,,,,,,
C++ Courses,2900,40,41,19,19,100,14,18,34,30,,,,,,,,,,,,,,,,,,,,,,,,,,,,,,,,,,,,,,,,,,,,,,,,,,,,,,,,,,,,,,,,,,,,,,,,,,,,,,,,,,,,
Cardiology Courses,2900,2,1,1,2,2,2,2,1,1,,,,,,,,,,,,,,,,,,,,,,,,,,,,,,,,,,,,,,,,,,,,,,,,,,,,,,,,,,,,,,,,,,,,,,,,,,,,,,,,,,,,
Computer Application Courses,2900,1,1,1,1,1,1,1,1,1,,,,,,,,,,,,,,,,,,,,,,,,,,,,,,,,,,,,,,,,,,,,,,,,,,,,,,,,,,,,,,,,,,,,,,,,,,,,,,,,,,,,
Fashion Technology Courses,2900,100,100,100,100,100,100,100,100,100,,,,,,,,,,,,,,,,,,,,,,,,,,,,,,,,,,,,,,,,,,,,,,,,,,,,,,,,,,,,,,,,,,,,,,,,,,,,,,,,,,,,
Radiography Courses,2900,2,2,1,1,2,2,2,2,2,,,,,,,,,,,,,,,,,,,,,,,,,,,,,,,,,,,,,,,,,,,,,,,,,,,,,,,,,,,,,,,,,,,,,,,,,,,,,,,,,,,,
3d Animation Courses,2900,5,5,7,9,5,6,5,5,5,,,,,,,,,,,,,,,,,,,,,,,,,,,,,,,,,,,,,,,,,,,,,,,,,,,,,,,,,,,,,,,,,,,,,,,,,,,,,,,,,,,,
Home Science Courses,2900,100,100,9,9,7,6,6,6,6,,,,,,,,,,,,,,,,,,,,,,,,,,,,,,,,,,,,,,,,,,,,,,,,,,,,,,,,,,,,,,,,,,,,,,,,,,,,,,,,,,,,
Html Courses,2900,25,25,21,20,20,19,18,18,18,,,,,,,,,,,,,,,,,,,,,,,,,,,,,,,,,,,,,,,,,,,,,,,,,,,,,,,,,,,,,,,,,,,,,,,,,,,,,,,,,,,,
Occupational Therapy Courses,2900,2,2,2,2,2,2,1,1,1,,,,,,,,,,,,,,,,,,,,,,,,,,,,,,,,,,,,,,,,,,,,,,,,,,,,,,,,,,,,,,,,,,,,,,,,,,,,,,,,,,,,
Pharmacovigilance Courses,2900,2,1,1,1,1,2,2,2,2,,,,,,,,,,,,,,,,,,,,,,,,,,,,,,,,,,,,,,,,,,,,,,,,,,,,,,,,,,,,,,,,,,,,,,,,,,,,,,,,,,,,
Automation Testing Courses,2900,28,30,34,30,27,24,19,19,19,,,,,,,,,,,,,,,,,,,,,,,,,,,,,,,,,,,,,,,,,,,,,,,,,,,,,,,,,,,,,,,,,,,,,,,,,,,,,,,,,,,,
Foreign Language Courses,2400,2,2,5,4,2,4,2,2,2,2,2,1,1,2,2,2,2,2,3,2,3,2,2,2,2,2,2,2,2,2,3,4,12,7,6,6,8,7,3,5,5,6,7,8,5,11,5,7,11,9,7,6,13,13,7,13,13,13,15,17,12,25,17,17,100,100,100,100,100,100,100,100,100,100,100,100,100,100,100,100,100,100,100,100,100,,100,100,100,100,100,100,100
Language Courses,2400,17,14,19,19,15,15,8,8,8,8,9,11,9,10,14,17,28,17,15,17,15,22,22,100,100,100,100,47,100,100,100,100,100,100,100,100,100,100,25,100,100,100,100,100,100,24,26,100,100,100,100,100,100,100,100,100,100,100,100,100,100,100,100,100,100,100,100,100,100,100,100,100,100,100,100,100,100,100,100,100,100,100,100,100,100,,100,100,100,100,100,100,100
IFRS Course,2400,6,6,6,6,6,5,5,5,5,5,5,5,5,6,6,5,5,6,7,7,6,5,5,5,5,5,Snippet,Snippet,Snippet,Snippet,Snippet,Snippet,Snippet,4,Snippet,Snippet,Snippet,Snippet,1,Snippet,1,1,Snippet,Snippet,5,4,Snippet,Snippet,Snippet,8,6,"6,9",7,"7,9",6,6,6,6,6,5,5,4,7,7,7,5,7,7,7,8,5,1,3,1,1,1,1,1,5,7,8,9,10,9,100,,42,30,100,29,33,100,100
Cinematography Courses,2400,100,100,10,9,3,7,4,4,3,3,5,6,6,7,6,7,7,8,4,6,4,6,6,8,7,7,7,7,7,6,7,8,12,10,7,4,4,6,4,5,5,4,5,4,3,3,4,5,4,3,3,3,2,2,3,3,3,3,3,3,3,3,4,4,4,3,3,2,4,4,4,4,5,6,4,6,100,100,100,100,100,100,100,100,100,,100,100,100,100,100,100,100
Six Sigma Courses,2400,39,39,33,41,55,42,39,39,34,34,38,41,38,37,30,27,30,39,25,27,37,33,33,28,33,33,29,43,40,39,34,45,38,38,41,46,45,15,48,20,17,28,13,14,37,37,37,19,18,14,33,15,28,28,44,50,50,50,43,24,35,39,31,31,31,45,45,30,28,48,50,54,40,43,55,44,41,43,40,34,38,100,45,100,100,,100,100,100,100,100,100,100
SAS Courses,2400,8,9,6,7,6,5,4,4,5,5,5,5,6,5,5,11,12,10,4,5,5,4,4,4,5,5,5,8,7,6,8,9,8,6,8,9,8,8,6,6,5,12,6,5,5,5,7,6,6,9,11,8,7,7,5,6,6,6,5,8,7,7,7,7,11,7,14,13,11,14,14,8,10,6,6,5,13,7,7,7,15,100,20,27,100,,100,100,100,100,44,100,100
Automotive Engineering Courses,2400,8,8,9,9,9,7,7,7,8,,,,,,,,,,,,,,,,,,,,,,,,,,,,,,,,,,,,,,,,,,,,,,,,,,,,,,,,,,,,,,,,,,,,,,,,,,,,,,,,,,,,
Bakery Courses,2400,3,4,1,2,3,1,5,5,5,,,,,,,,,,,,,,,,,,,,,,,,,,,,,,,,,,,,,,,,,,,,,,,,,,,,,,,,,,,,,,,,,,,,,,,,,,,,,,,,,,,,
Financial Risk Management Courses,2400,1,1,2,2,2,Snippet,Snippet,Snippet,2,,,,,,,,,,,,,,,,,,,,,,,,,,,,,,,,,,,,,,,,,,,,,,,,,,,,,,,,,,,,,,,,,,,,,,,,,,,,,,,,,,,,
Life Science Courses,2400,100,100,100,100,100,100,100,100,100,,,,,,,,,,,,,,,,,,,,,,,,,,,,,,,,,,,,,,,,,,,,,,,,,,,,,,,,,,,,,,,,,,,,,,,,,,,,,,,,,,,,
Photoshop Courses,2400,10,11,12,12,11,10,10,10,11,,,,,,,,,,,,,,,,,,,,,,,,,,,,,,,,,,,,,,,,,,,,,,,,,,,,,,,,,,,,,,,,,,,,,,,,,,,,,,,,,,,,
Science Courses,2400,100,100,100,100,100,100,100,100,100,,,,,,,,,,,,,,,,,,,,,,,,,,,,,,,,,,,,,,,,,,,,,,,,,,,,,,,,,,,,,,,,,,,,,,,,,,,,,,,,,,,,
Special Education Courses,2400,4,7,12,12,7,9,5,5,5,,,,,,,,,,,,,,,,,,,,,,,,,,,,,,,,,,,,,,,,,,,,,,,,,,,,,,,,,,,,,,,,,,,,,,,,,,,,,,,,,,,,
Astrology Courses,2400,2,2,2,Snippet,2,5,Snippet,Snippet,Snippet,,,,,,,,,,,,,,,,,,,,,,,,,,,,,,,,,,,,,,,,,,,,,,,,,,,,,,,,,,,,,,,,,,,,,,,,,,,,,,,,,,,,
Clinical Psychology Courses,2400,1,1,1,1,1,1,1,1,1,,,,,,,,,,,,,,,,,,,,,,,,,,,,,,,,,,,,,,,,,,,,,,,,,,,,,,,,,,,,,,,,,,,,,,,,,,,,,,,,,,,,
Sports Management Courses,2400,3,3,3,4,2,3,2,2,2,,,,,,,,,,,,,,,,,,,,,,,,,,,,,,,,,,,,,,,,,,,,,,,,,,,,,,,,,,,,,,,,,,,,,,,,,,,,,,,,,,,,
Data Entry Operator Courses,2400,1,1,1,1,1,1,1,1,1,,,,,,,,,,,,,,,,,,,,,,,,,,,,,,,,,,,,,,,,,,,,,,,,,,,,,,,,,,,,,,,,,,,,,,,,,,,,,,,,,,,,
Marketing Management Courses,2400,5,5,5,5,5,5,5,5,5,,,,,,,,,,,,,,,,,,,,,,,,,,,,,,,,,,,,,,,,,,,,,,,,,,,,,,,,,,,,,,,,,,,,,,,,,,,,,,,,,,,,
Medical Transcription Courses,2400,8,4,6,4,6,4,5,5,5,,,,,,,,,,,,,,,,,,,,,,,,,,,,,,,,,,,,,,,,,,,,,,,,,,,,,,,,,,,,,,,,,,,,,,,,,,,,,,,,,,,,
Programming Courses,2400,20,20,21,17,100,13,100,100,100,,,,,,,,,,,,,,,,,,,,,,,,,,,,,,,,,,,,,,,,,,,,,,,,,,,,,,,,,,,,,,,,,,,,,,,,,,,,,,,,,,,,